date,water_temp_f
2003-10-06T00:00:00Z,64
2003-10-10T00:00:00Z,62
2003-10-14T00:00:00Z,58
2003-10-17T00:00:00Z,58
2003-10-21T00:00:00Z,59
2003-10-24T00:00:00Z,59
2003-10-27T00:00:00Z,59
2003-10-30T00:00:00Z,58
2003-11-03T00:00:00Z,52
2003-11-06T00:00:00Z,51
2003-11-10T00:00:00Z,53
2003-11-12T00:00:00Z,53
2003-11-14T00:00:00Z,53
2003-11-17T00:00:00Z,52
2003-11-19T00:00:00Z,52
2003-11-21T00:00:00Z,52
2003-11-24T00:00:00Z,47
2003-11-26T00:00:00Z,46
2003-11-28T00:00:00Z,47
2003-12-01T00:00:00Z,48
2003-12-03T00:00:00Z,50
2003-12-05T00:00:00Z,51
2003-12-08T00:00:00Z,51
2003-12-08T00:00:00Z,51
2003-12-09T00:00:00Z,50
2003-12-10T00:00:00Z,49
2003-12-12T00:00:00Z,47
2003-12-13T00:00:00Z,47
2003-12-15T00:00:00Z,48
2003-12-16T00:00:00Z,NA
2003-12-17T00:00:00Z,46
2003-12-18T00:00:00Z,45
2003-12-19T00:00:00Z,47
2003-12-20T00:00:00Z,47
2003-12-22T00:00:00Z,48
2003-12-23T00:00:00Z,48
2003-12-24T00:00:00Z,48
2003-12-27T00:00:00Z,48
2003-12-29T00:00:00Z,44
2003-12-30T00:00:00Z,44
2003-12-31T00:00:00Z,42
2004-01-02T00:00:00Z,44
2004-01-05T00:00:00Z,42
2004-01-06T00:00:00Z,43
2004-01-07T00:00:00Z,45
2004-01-08T00:00:00Z,46
2004-01-09T00:00:00Z,46
2004-01-10T00:00:00Z,46
2004-01-12T00:00:00Z,46
2004-01-13T00:00:00Z,46
2004-01-14T00:00:00Z,46
2004-01-15T00:00:00Z,46
2004-01-16T00:00:00Z,48
2004-01-17T00:00:00Z,46
2004-01-19T00:00:00Z,46
2004-01-20T00:00:00Z,47
2004-01-21T00:00:00Z,47
2004-01-22T00:00:00Z,47
2004-01-23T00:00:00Z,46
2004-01-24T00:00:00Z,46
2004-01-26T00:00:00Z,46
2004-01-27T00:00:00Z,46
2004-01-28T00:00:00Z,45
2004-01-29T00:00:00Z,45
2004-01-30T00:00:00Z,45
2004-01-31T00:00:00Z,44
2004-02-01T00:00:00Z,46
2004-02-02T00:00:00Z,44
2004-02-03T00:00:00Z,46
2004-02-04T00:00:00Z,44
2004-02-05T00:00:00Z,44
2004-02-06T00:00:00Z,44
2004-02-07T00:00:00Z,45
2004-02-08T00:00:00Z,46
2004-02-09T00:00:00Z,46
2004-02-10T00:00:00Z,46
2004-02-11T00:00:00Z,46
2004-02-12T00:00:00Z,48
2004-02-13T00:00:00Z,47
2004-02-14T00:00:00Z,46
2004-02-15T00:00:00Z,47
2004-02-16T00:00:00Z,48
2004-02-17T00:00:00Z,49
2004-02-18T00:00:00Z,46
2004-02-19T00:00:00Z,47
2004-02-20T00:00:00Z,46
2004-02-21T00:00:00Z,49
2004-02-22T00:00:00Z,48
2004-02-23T00:00:00Z,48
2004-02-24T00:00:00Z,48
2004-02-26T00:00:00Z,48
2004-02-27T00:00:00Z,48
2004-02-28T00:00:00Z,44
2004-02-29T00:00:00Z,48
2004-03-01T00:00:00Z,47
2004-03-02T00:00:00Z,48
2004-03-03T00:00:00Z,47
2004-03-04T00:00:00Z,47
2004-03-05T00:00:00Z,48
2004-03-06T00:00:00Z,48
2004-03-07T00:00:00Z,48
2004-03-08T00:00:00Z,52
2004-03-09T00:00:00Z,50
2004-03-10T00:00:00Z,52
2004-03-11T00:00:00Z,52
2004-03-12T00:00:00Z,52
2004-03-13T00:00:00Z,54
2004-03-14T00:00:00Z,58
2004-03-15T00:00:00Z,58
2004-03-16T00:00:00Z,56
2004-03-17T00:00:00Z,55
2004-03-18T00:00:00Z,58
2004-03-19T00:00:00Z,59
2004-03-20T00:00:00Z,58
2004-03-21T00:00:00Z,60
2004-03-22T00:00:00Z,60
2004-03-23T00:00:00Z,59
2004-03-24T00:00:00Z,59
2004-03-25T00:00:00Z,59
2004-03-26T00:00:00Z,58
2004-03-27T00:00:00Z,55
2004-03-28T00:00:00Z,55
2004-03-29T00:00:00Z,56
2004-03-30T00:00:00Z,56
2004-03-31T00:00:00Z,56
2004-04-01T00:00:00Z,57
2004-04-02T00:00:00Z,55
2004-04-03T00:00:00Z,55
2004-04-04T00:00:00Z,56
2004-04-05T00:00:00Z,57
2004-04-06T00:00:00Z,58
2004-04-07T00:00:00Z,58
2004-04-08T00:00:00Z,59
2004-04-09T00:00:00Z,59
2004-04-10T00:00:00Z,61
2004-04-12T00:00:00Z,59
2004-04-13T00:00:00Z,58
2004-04-14T00:00:00Z,58
2004-04-15T00:00:00Z,58
2004-04-16T00:00:00Z,57
2004-04-17T00:00:00Z,56
2004-04-18T00:00:00Z,56
2004-04-19T00:00:00Z,56
2004-04-20T00:00:00Z,54
2004-04-21T00:00:00Z,55
2004-04-22T00:00:00Z,56
2004-04-23T00:00:00Z,57
2004-04-24T00:00:00Z,58
2004-04-25T00:00:00Z,61
2004-04-26T00:00:00Z,64
2004-04-27T00:00:00Z,65
2004-04-28T00:00:00Z,65
2004-04-29T00:00:00Z,65
2004-04-30T00:00:00Z,66
2004-05-01T00:00:00Z,64
2004-05-02T00:00:00Z,65
2004-05-03T00:00:00Z,66
2004-05-04T00:00:00Z,66
2004-05-05T00:00:00Z,66
2004-05-06T00:00:00Z,66
2004-05-07T00:00:00Z,NA
2004-05-08T00:00:00Z,64
2004-05-10T00:00:00Z,62
2004-05-11T00:00:00Z,62
2004-05-12T00:00:00Z,63
2004-05-13T00:00:00Z,64
2004-05-14T00:00:00Z,62
2004-05-15T00:00:00Z,62
2004-05-17T00:00:00Z,65
2004-05-19T00:00:00Z,66
2004-05-21T00:00:00Z,63
2004-05-24T00:00:00Z,66
2004-05-26T00:00:00Z,66
2004-05-28T00:00:00Z,67
2004-06-01T00:00:00Z,67
2004-06-02T00:00:00Z,66
2004-06-04T00:00:00Z,67
2004-06-07T00:00:00Z,67
2004-06-09T00:00:00Z,65
2004-06-11T00:00:00Z,64
2004-06-14T00:00:00Z,67
2004-06-16T00:00:00Z,68
2004-06-18T00:00:00Z,68
2004-06-21T00:00:00Z,67
2004-06-23T00:00:00Z,68
2004-06-25T00:00:00Z,68
2004-06-28T00:00:00Z,68
2004-06-30T00:00:00Z,68
2004-10-29T00:00:00Z,57
2004-11-01T00:00:00Z,57
2004-11-03T00:00:00Z,57
2004-11-05T00:00:00Z,55
2004-11-08T00:00:00Z,55
2004-11-10T00:00:00Z,57
2004-11-12T00:00:00Z,57
2004-11-15T00:00:00Z,58
2004-11-17T00:00:00Z,57
2004-11-19T00:00:00Z,57
2004-11-22T00:00:00Z,51
2004-11-24T00:00:00Z,50
2004-11-26T00:00:00Z,52
2004-11-29T00:00:00Z,49
2004-12-01T00:00:00Z,48
2004-12-03T00:00:00Z,46
2004-12-06T00:00:00Z,47
2004-12-08T00:00:00Z,48
2004-12-10T00:00:00Z,52
2004-12-11T00:00:00Z,52
2004-12-13T00:00:00Z,53
2004-12-14T00:00:00Z,54
2004-12-15T00:00:00Z,53
2004-12-17T00:00:00Z,52
2004-12-20T00:00:00Z,52
2004-12-22T00:00:00Z,49
2004-12-23T00:00:00Z,48
2004-12-27T00:00:00Z,47
2004-12-29T00:00:00Z,47
2004-12-30T00:00:00Z,48
2004-12-31T00:00:00Z,49
2005-01-01T00:00:00Z,50
2005-01-02T00:00:00Z,48
2005-01-03T00:00:00Z,47
2005-01-04T00:00:00Z,48
2005-01-05T00:00:00Z,48
2005-01-06T00:00:00Z,49
2005-01-07T00:00:00Z,49
2005-01-08T00:00:00Z,48
2005-01-09T00:00:00Z,48
2005-01-10T00:00:00Z,46
2005-01-11T00:00:00Z,46
2005-01-12T00:00:00Z,49
2005-01-13T00:00:00Z,46
2005-01-14T00:00:00Z,46
2005-01-15T00:00:00Z,47
2005-01-16T00:00:00Z,47
2005-01-17T00:00:00Z,47
2005-01-18T00:00:00Z,48
2005-01-19T00:00:00Z,48
2005-01-20T00:00:00Z,48
2005-01-21T00:00:00Z,49
2005-01-22T00:00:00Z,49
2005-01-23T00:00:00Z,49
2005-01-24T00:00:00Z,49
2005-01-25T00:00:00Z,49
2005-01-26T00:00:00Z,49
2005-01-27T00:00:00Z,52
2005-01-28T00:00:00Z,53
2005-01-29T00:00:00Z,52
2005-01-30T00:00:00Z,52
2005-01-31T00:00:00Z,51
2005-02-01T00:00:00Z,49
2005-02-02T00:00:00Z,49
2005-02-03T00:00:00Z,51
2005-02-04T00:00:00Z,51
2005-02-05T00:00:00Z,52
2005-02-06T00:00:00Z,51
2005-02-07T00:00:00Z,53
2005-02-08T00:00:00Z,53
2005-02-09T00:00:00Z,53
2005-02-10T00:00:00Z,52
2005-02-11T00:00:00Z,52
2005-02-12T00:00:00Z,53
2005-02-13T00:00:00Z,53
2005-02-14T00:00:00Z,54
2005-02-15T00:00:00Z,54
2005-02-16T00:00:00Z,53
2005-02-17T00:00:00Z,53
2005-02-18T00:00:00Z,54
2005-02-19T00:00:00Z,54
2005-02-20T00:00:00Z,55
2005-02-21T00:00:00Z,54
2005-02-22T00:00:00Z,54
2005-02-23T00:00:00Z,56
2005-02-24T00:00:00Z,56
2005-02-25T00:00:00Z,53
2005-02-26T00:00:00Z,55
2005-02-27T00:00:00Z,54
2005-02-28T00:00:00Z,53
2005-03-01T00:00:00Z,56
2005-03-02T00:00:00Z,54
2005-03-03T00:00:00Z,55
2005-03-04T00:00:00Z,55
2005-03-05T00:00:00Z,56
2005-03-06T00:00:00Z,52
2005-03-07T00:00:00Z,55
2005-03-08T00:00:00Z,53
2005-03-09T00:00:00Z,59
2005-03-10T00:00:00Z,59
2005-03-11T00:00:00Z,59
2005-03-12T00:00:00Z,62
2005-03-13T00:00:00Z,63
2005-03-14T00:00:00Z,59
2005-03-15T00:00:00Z,57
2005-03-16T00:00:00Z,60
2005-03-17T00:00:00Z,59
2005-03-18T00:00:00Z,58
2005-03-19T00:00:00Z,53
2005-03-20T00:00:00Z,52
2005-03-21T00:00:00Z,57
2005-03-22T00:00:00Z,55
2005-03-23T00:00:00Z,55
2005-03-24T00:00:00Z,55
2005-03-25T00:00:00Z,52
2005-03-26T00:00:00Z,57
2005-03-27T00:00:00Z,57
2005-03-28T00:00:00Z,56
2005-03-29T00:00:00Z,56
2005-03-30T00:00:00Z,56
2005-03-31T00:00:00Z,56
2005-04-01T00:00:00Z,57
2005-04-02T00:00:00Z,58
2005-04-03T00:00:00Z,58
2005-04-04T00:00:00Z,58
2005-04-05T00:00:00Z,57
2005-04-06T00:00:00Z,58
2005-04-07T00:00:00Z,58
2005-04-08T00:00:00Z,58
2005-04-09T00:00:00Z,58
2005-04-10T00:00:00Z,58
2005-04-11T00:00:00Z,58
2005-04-12T00:00:00Z,58
2005-04-13T00:00:00Z,60
2005-04-14T00:00:00Z,59
2005-04-15T00:00:00Z,60
2005-04-16T00:00:00Z,60
2005-04-17T00:00:00Z,60
2005-04-18T00:00:00Z,61
2005-04-19T00:00:00Z,62
2005-04-20T00:00:00Z,61
2005-04-21T00:00:00Z,61
2005-04-22T00:00:00Z,63
2005-04-23T00:00:00Z,59
2005-04-24T00:00:00Z,64
2005-04-25T00:00:00Z,64
2005-04-26T00:00:00Z,65
2005-04-27T00:00:00Z,65
2005-04-28T00:00:00Z,65
2005-04-29T00:00:00Z,65
2005-04-30T00:00:00Z,67
2005-05-01T00:00:00Z,67
2005-05-02T00:00:00Z,67
2005-05-03T00:00:00Z,68
2005-05-04T00:00:00Z,68
2005-05-05T00:00:00Z,68
2005-05-06T00:00:00Z,67
2005-05-07T00:00:00Z,67
2005-05-09T00:00:00Z,63
2005-05-10T00:00:00Z,62
2005-05-11T00:00:00Z,60
2005-05-12T00:00:00Z,60
2005-05-13T00:00:00Z,62
2005-05-14T00:00:00Z,63
2005-05-16T00:00:00Z,63
2005-05-18T00:00:00Z,59
2005-05-20T00:00:00Z,57
2005-05-21T00:00:00Z,58
2005-05-23T00:00:00Z,63
2005-05-24T00:00:00Z,63
2005-05-25T00:00:00Z,63
2005-05-27T00:00:00Z,66
2005-05-31T00:00:00Z,65
2005-06-01T00:00:00Z,65
2005-06-03T00:00:00Z,66
2005-06-06T00:00:00Z,67
2005-06-08T00:00:00Z,66
2005-06-10T00:00:00Z,64
2005-06-13T00:00:00Z,70
2005-06-15T00:00:00Z,70
2005-06-17T00:00:00Z,67
2005-06-20T00:00:00Z,65
2005-06-22T00:00:00Z,68
2005-06-24T00:00:00Z,70
2005-06-27T00:00:00Z,69
2005-06-30T00:00:00Z,71
2005-10-11T00:00:00Z,62
2005-10-14T00:00:00Z,63
2005-10-17T00:00:00Z,62
2005-10-21T00:00:00Z,62
2005-10-24T00:00:00Z,62
2005-10-28T00:00:00Z,60
2005-10-31T00:00:00Z,59
2005-11-04T00:00:00Z,58
2005-11-07T00:00:00Z,57
2005-11-09T00:00:00Z,57
2005-11-10T00:00:00Z,57
2005-11-14T00:00:00Z,57
2005-11-15T00:00:00Z,57
2005-11-16T00:00:00Z,57
2005-11-17T00:00:00Z,56
2005-11-18T00:00:00Z,56
2005-11-19T00:00:00Z,51
2005-11-20T00:00:00Z,50
2005-11-21T00:00:00Z,55
2005-11-23T00:00:00Z,54
2005-11-26T00:00:00Z,54
2005-11-27T00:00:00Z,54
2005-11-28T00:00:00Z,51
2005-11-29T00:00:00Z,51
2005-11-30T00:00:00Z,50
2005-12-01T00:00:00Z,50
2005-12-02T00:00:00Z,51
2005-12-03T00:00:00Z,51
2005-12-04T00:00:00Z,49
2005-12-04T00:00:00Z,49
2005-12-05T00:00:00Z,47
2005-12-06T00:00:00Z,47
2005-12-07T00:00:00Z,47
2005-12-08T00:00:00Z,47
2005-12-09T00:00:00Z,48
2005-12-10T00:00:00Z,49
2005-12-11T00:00:00Z,50
2005-12-12T00:00:00Z,50
2005-12-14T00:00:00Z,49
2005-12-16T00:00:00Z,47
2005-12-17T00:00:00Z,47
2005-12-18T00:00:00Z,47
2005-12-19T00:00:00Z,48
2005-12-20T00:00:00Z,48
2005-12-21T00:00:00Z,51
2005-12-21T00:00:00Z,51
2005-12-22T00:00:00Z,51
2005-12-23T00:00:00Z,53
2005-12-24T00:00:00Z,54
2005-12-26T00:00:00Z,54
2005-12-27T00:00:00Z,54
2005-12-28T00:00:00Z,54
2005-12-29T00:00:00Z,51
2005-12-30T00:00:00Z,52
2005-12-31T00:00:00Z,52
2006-01-03T00:00:00Z,50
2006-01-04T00:00:00Z,51
2006-01-05T00:00:00Z,53
2006-01-06T00:00:00Z,52
2006-01-07T00:00:00Z,51
2006-01-08T00:00:00Z,52
2006-01-09T00:00:00Z,52
2006-01-10T00:00:00Z,52
2006-01-11T00:00:00Z,50
2006-01-12T00:00:00Z,52
2006-01-13T00:00:00Z,51
2006-01-14T00:00:00Z,51
2006-01-15T00:00:00Z,51
2006-01-16T00:00:00Z,50
2006-01-17T00:00:00Z,49
2006-01-18T00:00:00Z,49
2006-01-19T00:00:00Z,49
2006-01-20T00:00:00Z,49
2006-01-21T00:00:00Z,49
2006-01-22T00:00:00Z,48
2006-01-23T00:00:00Z,48
2006-01-24T00:00:00Z,48
2006-01-25T00:00:00Z,49
2006-01-26T00:00:00Z,49
2006-01-27T00:00:00Z,50
2006-01-28T00:00:00Z,50
2006-01-29T00:00:00Z,50
2006-01-30T00:00:00Z,50
2006-01-31T00:00:00Z,50
2006-02-01T00:00:00Z,49
2006-02-02T00:00:00Z,50
2006-02-03T00:00:00Z,50
2006-02-04T00:00:00Z,50
2006-02-05T00:00:00Z,51
2006-02-06T00:00:00Z,51
2006-02-07T00:00:00Z,49
2006-02-08T00:00:00Z,49
2006-02-09T00:00:00Z,50
2006-02-10T00:00:00Z,51
2006-02-11T00:00:00Z,52
2006-02-12T00:00:00Z,52
2006-02-13T00:00:00Z,52
2006-02-14T00:00:00Z,52
2006-02-15T00:00:00Z,51
2006-02-16T00:00:00Z,50
2006-02-17T00:00:00Z,49
2006-02-18T00:00:00Z,49
2006-02-19T00:00:00Z,49
2006-02-20T00:00:00Z,48
2006-02-21T00:00:00Z,49
2006-02-22T00:00:00Z,48
2006-02-23T00:00:00Z,49
2006-02-24T00:00:00Z,50
2006-02-25T00:00:00Z,52
2006-02-26T00:00:00Z,53
2006-02-27T00:00:00Z,53
2006-02-28T00:00:00Z,53
2006-03-01T00:00:00Z,53
2006-03-02T00:00:00Z,51
2006-03-03T00:00:00Z,50
2006-03-04T00:00:00Z,49
2006-03-05T00:00:00Z,49
2006-03-06T00:00:00Z,48
2006-03-07T00:00:00Z,49
2006-03-08T00:00:00Z,49
2006-03-09T00:00:00Z,50
2006-03-10T00:00:00Z,50
2006-03-11T00:00:00Z,48
2006-03-12T00:00:00Z,48
2006-03-13T00:00:00Z,48
2006-03-14T00:00:00Z,48
2006-03-15T00:00:00Z,48
2006-03-16T00:00:00Z,49
2006-03-17T00:00:00Z,49
2006-03-18T00:00:00Z,50
2006-03-19T00:00:00Z,50
2006-03-20T00:00:00Z,50
2006-03-21T00:00:00Z,50
2006-03-22T00:00:00Z,50
2006-03-23T00:00:00Z,51
2006-03-24T00:00:00Z,52
2006-03-25T00:00:00Z,53
2006-03-26T00:00:00Z,54
2006-03-27T00:00:00Z,48
2006-03-28T00:00:00Z,52
2006-03-29T00:00:00Z,52
2006-03-30T00:00:00Z,51
2006-03-31T00:00:00Z,51
2006-04-01T00:00:00Z,51
2006-04-02T00:00:00Z,51
2006-04-03T00:00:00Z,51
2006-04-04T00:00:00Z,53
2006-04-05T00:00:00Z,51
2006-04-06T00:00:00Z,52
2006-04-07T00:00:00Z,48
2006-04-08T00:00:00Z,54
2006-04-09T00:00:00Z,53
2006-04-10T00:00:00Z,51
2006-04-11T00:00:00Z,52
2006-04-12T00:00:00Z,52
2006-04-13T00:00:00Z,52
2006-04-14T00:00:00Z,49
2006-04-15T00:00:00Z,55
2006-04-16T00:00:00Z,55
2006-04-17T00:00:00Z,49
2006-04-18T00:00:00Z,52
2006-04-19T00:00:00Z,48
2006-04-20T00:00:00Z,49
2006-04-21T00:00:00Z,51
2006-04-22T00:00:00Z,51
2006-04-23T00:00:00Z,56
2006-04-24T00:00:00Z,51
2006-04-25T00:00:00Z,51
2006-04-26T00:00:00Z,52
2006-04-27T00:00:00Z,52
2006-04-28T00:00:00Z,54
2006-04-29T00:00:00Z,60
2006-04-30T00:00:00Z,62
2006-05-01T00:00:00Z,63
2006-05-02T00:00:00Z,62
2006-05-03T00:00:00Z,62
2006-05-04T00:00:00Z,62
2006-05-05T00:00:00Z,62
2006-05-06T00:00:00Z,64
2006-05-07T00:00:00Z,64
2006-05-08T00:00:00Z,66
2006-05-09T00:00:00Z,61
2006-05-10T00:00:00Z,64
2006-05-11T00:00:00Z,62
2006-05-12T00:00:00Z,63
2006-05-13T00:00:00Z,63
2006-05-14T00:00:00Z,65
2006-05-15T00:00:00Z,65
2006-05-16T00:00:00Z,67
2006-05-17T00:00:00Z,68
2006-05-18T00:00:00Z,68
2006-05-19T00:00:00Z,69
2006-05-22T00:00:00Z,61
2006-05-24T00:00:00Z,62
2006-05-26T00:00:00Z,62
2006-05-30T00:00:00Z,63
2006-05-31T00:00:00Z,64
2006-06-02T00:00:00Z,67
2006-06-05T00:00:00Z,67
2006-06-07T00:00:00Z,68
2006-06-09T00:00:00Z,68
2006-06-12T00:00:00Z,66
2006-06-14T00:00:00Z,65
2006-06-16T00:00:00Z,66
2006-06-19T00:00:00Z,68
2006-06-23T00:00:00Z,71
2006-06-26T00:00:00Z,75
2006-06-30T00:00:00Z,70
2007-10-15T00:00:00Z,61
2007-10-19T00:00:00Z,61
2007-10-22T00:00:00Z,59
2007-10-26T00:00:00Z,62
2007-10-29T00:00:00Z,62
2007-11-02T00:00:00Z,61
2007-11-05T00:00:00Z,61
2007-11-09T00:00:00Z,60
2007-11-13T00:00:00Z,60
2007-11-16T00:00:00Z,60
2007-11-20T00:00:00Z,59
2007-11-26T00:00:00Z,52
2007-11-29T00:00:00Z,52
2007-12-03T00:00:00Z,52
2007-12-04T00:00:00Z,51
2007-12-05T00:00:00Z,52
2007-12-06T00:00:00Z,53
2007-12-07T00:00:00Z,54
2007-12-10T00:00:00Z,51
2007-12-12T00:00:00Z,49
2007-12-13T00:00:00Z,48
2007-12-14T00:00:00Z,46
2007-12-17T00:00:00Z,49
2007-12-18T00:00:00Z,50
2007-12-19T00:00:00Z,50
2007-12-20T00:00:00Z,51
2007-12-21T00:00:00Z,50
2007-12-22T00:00:00Z,50
2007-12-23T00:00:00Z,49
2007-12-24T00:00:00Z,47
2007-12-26T00:00:00Z,48
2007-12-27T00:00:00Z,46
2007-12-28T00:00:00Z,46
2007-12-30T00:00:00Z,46
2007-12-31T00:00:00Z,46
2008-01-02T00:00:00Z,46
2008-01-03T00:00:00Z,46
2008-01-05T00:00:00Z,47
2008-01-06T00:00:00Z,48
2008-01-07T00:00:00Z,48
2008-01-08T00:00:00Z,47
2008-01-09T00:00:00Z,46
2008-01-10T00:00:00Z,48
2008-01-11T00:00:00Z,48
2008-01-12T00:00:00Z,49
2008-01-13T00:00:00Z,49
2008-01-14T00:00:00Z,50
2008-01-15T00:00:00Z,51
2008-01-16T00:00:00Z,49
2008-01-17T00:00:00Z,46
2008-01-18T00:00:00Z,48
2008-01-19T00:00:00Z,47
2008-01-20T00:00:00Z,47
2008-01-22T00:00:00Z,47
2008-01-23T00:00:00Z,47
2008-01-24T00:00:00Z,47
2008-01-25T00:00:00Z,47
2008-01-26T00:00:00Z,47
2008-01-27T00:00:00Z,46
2008-01-28T00:00:00Z,47
2008-01-29T00:00:00Z,48
2008-01-30T00:00:00Z,47
2008-01-31T00:00:00Z,46
2008-02-01T00:00:00Z,46
2008-02-02T00:00:00Z,46
2008-02-03T00:00:00Z,46
2008-02-04T00:00:00Z,46
2008-02-05T00:00:00Z,46
2008-02-06T00:00:00Z,46
2008-02-07T00:00:00Z,47
2008-02-08T00:00:00Z,49
2008-02-09T00:00:00Z,49
2008-02-10T00:00:00Z,51
2008-02-11T00:00:00Z,51
2008-02-13T00:00:00Z,53
2008-02-14T00:00:00Z,52
2008-02-15T00:00:00Z,51
2008-02-16T00:00:00Z,51
2008-02-17T00:00:00Z,51
2008-02-19T00:00:00Z,52
2008-02-20T00:00:00Z,53
2008-02-21T00:00:00Z,53
2008-02-22T00:00:00Z,53
2008-02-23T00:00:00Z,52
2008-02-24T00:00:00Z,50
2008-02-25T00:00:00Z,51
2008-02-26T00:00:00Z,50
2008-02-27T00:00:00Z,52
2008-02-28T00:00:00Z,54
2008-02-29T00:00:00Z,55
2008-03-01T00:00:00Z,56
2008-03-02T00:00:00Z,55
2008-03-03T00:00:00Z,55
2008-03-04T00:00:00Z,54
2008-03-05T00:00:00Z,55
2008-03-06T00:00:00Z,55
2008-03-07T00:00:00Z,55
2008-03-08T00:00:00Z,55
2008-03-09T00:00:00Z,55
2008-03-10T00:00:00Z,56
2008-03-11T00:00:00Z,57
2008-03-12T00:00:00Z,58
2008-03-13T00:00:00Z,59
2008-03-14T00:00:00Z,60
2008-03-15T00:00:00Z,58
2008-03-16T00:00:00Z,58
2008-03-17T00:00:00Z,56
2008-03-18T00:00:00Z,58
2008-03-19T00:00:00Z,57
2008-03-20T00:00:00Z,58
2008-03-21T00:00:00Z,58
2008-03-22T00:00:00Z,58
2008-03-24T00:00:00Z,59
2008-03-25T00:00:00Z,60
2008-03-26T00:00:00Z,61
2008-03-27T00:00:00Z,60
2008-03-28T00:00:00Z,58
2008-03-30T00:00:00Z,58
2008-04-01T00:00:00Z,57
2008-04-02T00:00:00Z,52
2008-04-04T00:00:00Z,59
2008-04-07T00:00:00Z,60
2008-04-09T00:00:00Z,61
2008-04-11T00:00:00Z,61
2008-04-14T00:00:00Z,63
2008-04-16T00:00:00Z,63
2008-04-18T00:00:00Z,62
2008-04-21T00:00:00Z,61
2008-04-23T00:00:00Z,60
2008-04-25T00:00:00Z,59
2008-04-28T00:00:00Z,65
2008-04-29T00:00:00Z,66
2008-04-30T00:00:00Z,65
2008-05-01T00:00:00Z,65
2008-05-02T00:00:00Z,65
2008-05-05T00:00:00Z,64
2008-05-07T00:00:00Z,69
2008-05-08T00:00:00Z,69
2008-05-09T00:00:00Z,69
2008-05-12T00:00:00Z,66
2008-05-15T00:00:00Z,68
2008-05-19T00:00:00Z,73
2008-05-22T00:00:00Z,67
2008-05-27T00:00:00Z,64
2008-05-30T00:00:00Z,67
2008-06-02T00:00:00Z,70
2008-06-06T00:00:00Z,69
2008-06-10T00:00:00Z,70
2008-06-13T00:00:00Z,70
2008-06-17T00:00:00Z,72
2008-06-20T00:00:00Z,73
2008-06-24T00:00:00Z,72
2008-06-27T00:00:00Z,70
2008-10-06T00:00:00Z,66
2008-10-09T00:00:00Z,66
2008-10-14T00:00:00Z,58
2008-10-17T00:00:00Z,63
2008-10-20T00:00:00Z,64
2008-10-23T00:00:00Z,64
2008-10-27T00:00:00Z,62
2008-10-30T00:00:00Z,62
2008-11-03T00:00:00Z,62
2008-11-06T00:00:00Z,59
2008-11-10T00:00:00Z,59
2008-11-13T00:00:00Z,59
2008-11-17T00:00:00Z,60
2008-11-20T00:00:00Z,59
2008-11-24T00:00:00Z,56
2008-11-26T00:00:00Z,55
2008-12-01T00:00:00Z,55
2008-12-03T00:00:00Z,55
2008-12-08T00:00:00Z,52
2008-12-11T00:00:00Z,50
2008-12-15T00:00:00Z,49
2008-12-18T00:00:00Z,45
2008-12-22T00:00:00Z,47
2008-12-24T00:00:00Z,47
2008-12-26T00:00:00Z,48
2008-12-27T00:00:00Z,49
2008-12-29T00:00:00Z,48
2008-12-31T00:00:00Z,48
2009-01-01T00:00:00Z,48
2009-01-05T00:00:00Z,46
2009-01-07T00:00:00Z,46
2009-01-09T00:00:00Z,46
2009-01-12T00:00:00Z,49
2009-01-14T00:00:00Z,50
2009-01-16T00:00:00Z,51
2009-01-20T00:00:00Z,51
2009-01-22T00:00:00Z,51
2009-01-23T00:00:00Z,52
2009-01-26T00:00:00Z,53
2009-01-27T00:00:00Z,52
2009-01-28T00:00:00Z,51
2009-01-29T00:00:00Z,51
2009-01-30T00:00:00Z,50
2009-02-02T00:00:00Z,52
2009-02-04T00:00:00Z,52
2009-02-05T00:00:00Z,53
2009-02-07T00:00:00Z,53
2009-02-09T00:00:00Z,52
2009-02-11T00:00:00Z,51
2009-02-13T00:00:00Z,49
2009-02-15T00:00:00Z,49
2009-02-17T00:00:00Z,48
2009-02-19T00:00:00Z,48
2009-02-21T00:00:00Z,51
2009-02-22T00:00:00Z,53
2009-02-23T00:00:00Z,54
2009-02-24T00:00:00Z,55
2009-02-25T00:00:00Z,55
2009-02-26T00:00:00Z,54
2009-02-27T00:00:00Z,55
2009-02-28T00:00:00Z,55
2009-03-01T00:00:00Z,54
2009-03-02T00:00:00Z,51
2009-03-03T00:00:00Z,54
2009-03-04T00:00:00Z,53
2009-03-05T00:00:00Z,53
2009-03-07T00:00:00Z,53
2009-03-08T00:00:00Z,53
2009-03-09T00:00:00Z,54
2009-03-10T00:00:00Z,54
2009-03-11T00:00:00Z,54
2009-03-12T00:00:00Z,54
2009-03-13T00:00:00Z,55
2009-03-15T00:00:00Z,56
2009-03-16T00:00:00Z,56
2009-03-17T00:00:00Z,58
2009-03-18T00:00:00Z,58
2009-03-19T00:00:00Z,58
2009-03-20T00:00:00Z,59
2009-03-21T00:00:00Z,61
2009-03-22T00:00:00Z,60
2009-03-23T00:00:00Z,58
2009-03-24T00:00:00Z,57
2009-03-25T00:00:00Z,58
2009-03-26T00:00:00Z,57
2009-03-27T00:00:00Z,59
2009-03-29T00:00:00Z,61
2009-03-30T00:00:00Z,60
2009-04-01T00:00:00Z,60
2009-04-02T00:00:00Z,60
2009-04-03T00:00:00Z,61
2009-04-06T00:00:00Z,60
2009-04-07T00:00:00Z,61
2009-04-08T00:00:00Z,60
2009-04-09T00:00:00Z,60
2009-04-10T00:00:00Z,59
2009-04-13T00:00:00Z,61
2009-04-14T00:00:00Z,61
2009-04-15T00:00:00Z,58
2009-04-16T00:00:00Z,60
2009-04-17T00:00:00Z,61
2009-04-20T00:00:00Z,66
2009-04-21T00:00:00Z,68
2009-04-22T00:00:00Z,61
2009-04-23T00:00:00Z,69
2009-04-24T00:00:00Z,68
2009-04-25T00:00:00Z,66
2009-04-27T00:00:00Z,64
2009-04-28T00:00:00Z,64
2009-04-29T00:00:00Z,63
2009-04-30T00:00:00Z,62
2009-05-01T00:00:00Z,62
2009-05-04T00:00:00Z,61
2009-05-05T00:00:00Z,61
2009-05-06T00:00:00Z,63
2009-05-07T00:00:00Z,63
2009-05-08T00:00:00Z,64
2009-05-11T00:00:00Z,68
2009-05-12T00:00:00Z,67
2009-05-13T00:00:00Z,68
2009-05-15T00:00:00Z,70
2009-05-18T00:00:00Z,76
2009-05-20T00:00:00Z,72
2009-05-23T00:00:00Z,70
2009-05-26T00:00:00Z,72
2009-05-27T00:00:00Z,74
2009-05-29T00:00:00Z,74
2009-06-01T00:00:00Z,73
2009-06-03T00:00:00Z,74
2009-06-05T00:00:00Z,71
2009-06-09T00:00:00Z,70
2009-06-12T00:00:00Z,69
2009-06-15T00:00:00Z,68
2009-06-17T00:00:00Z,0
2009-06-19T00:00:00Z,74
2009-06-22T00:00:00Z,72
2009-06-25T00:00:00Z,73
2009-10-12T00:00:00Z,62
2009-10-14T00:00:00Z,62
2009-10-15T00:00:00Z,62
2009-10-17T00:00:00Z,64
2009-10-19T00:00:00Z,64
2009-10-21T00:00:00Z,62
2009-10-23T00:00:00Z,62
2009-10-26T00:00:00Z,63
2009-10-28T00:00:00Z,60
2009-10-30T00:00:00Z,57
2009-11-02T00:00:00Z,59
2009-11-05T00:00:00Z,61
2009-11-07T00:00:00Z,61
2009-11-09T00:00:00Z,59
2009-11-12T00:00:00Z,57
2009-11-15T00:00:00Z,55
2009-11-17T00:00:00Z,54
2009-11-19T00:00:00Z,54
2009-11-21T00:00:00Z,52
2009-11-23T00:00:00Z,52
2009-11-25T00:00:00Z,52
2009-11-28T00:00:00Z,53
2009-11-30T00:00:00Z,52
2009-12-03T00:00:00Z,52
2009-12-06T00:00:00Z,49
2009-12-08T00:00:00Z,45
2009-12-10T00:00:00Z,44
2009-12-12T00:00:00Z,45
2009-12-14T00:00:00Z,47
2009-12-15T00:00:00Z,49
2009-12-16T00:00:00Z,53
2009-12-17T00:00:00Z,51
2009-12-19T00:00:00Z,52
2009-12-20T00:00:00Z,52
2009-12-21T00:00:00Z,53
2009-12-22T00:00:00Z,51
2009-12-23T00:00:00Z,50
2009-12-24T00:00:00Z,49
2009-12-26T00:00:00Z,48
2009-12-28T00:00:00Z,47
2009-12-29T00:00:00Z,47
2009-12-30T00:00:00Z,47
2009-12-31T00:00:00Z,48
2010-01-02T00:00:00Z,49
2010-01-04T00:00:00Z,51
2010-01-05T00:00:00Z,52
2010-01-06T00:00:00Z,51
2010-01-07T00:00:00Z,51
2010-01-09T00:00:00Z,49
2010-01-11T00:00:00Z,50
2010-01-12T00:00:00Z,51
2010-01-13T00:00:00Z,52
2010-01-14T00:00:00Z,52
2010-01-16T00:00:00Z,52
2010-01-17T00:00:00Z,53
2010-01-19T00:00:00Z,51
2010-01-20T00:00:00Z,51
2010-01-21T00:00:00Z,51
2010-01-22T00:00:00Z,49
2010-01-23T00:00:00Z,49
2010-01-24T00:00:00Z,49
2010-01-25T00:00:00Z,49
2010-01-26T00:00:00Z,49
2010-01-27T00:00:00Z,49
2010-01-28T00:00:00Z,48
2010-01-29T00:00:00Z,49
2010-01-30T00:00:00Z,50
2010-01-31T00:00:00Z,51
2010-02-01T00:00:00Z,52
2010-02-02T00:00:00Z,52
2010-02-03T00:00:00Z,51
2010-02-04T00:00:00Z,51
2010-02-06T00:00:00Z,53
2010-02-08T00:00:00Z,51
2010-02-09T00:00:00Z,52
2010-02-10T00:00:00Z,52
2010-02-11T00:00:00Z,52
2010-02-13T00:00:00Z,54
2010-02-14T00:00:00Z,54
2010-02-16T00:00:00Z,55
2010-02-17T00:00:00Z,56
2010-02-18T00:00:00Z,57
2010-02-20T00:00:00Z,57
2010-02-22T00:00:00Z,57
2010-02-23T00:00:00Z,55
2010-02-24T00:00:00Z,54
2010-02-25T00:00:00Z,54
2010-02-26T00:00:00Z,52
2010-03-01T00:00:00Z,54
2010-03-02T00:00:00Z,54
2010-03-03T00:00:00Z,55
2010-03-04T00:00:00Z,55
2010-03-06T00:00:00Z,55
2010-03-08T00:00:00Z,54
2010-03-09T00:00:00Z,55
2010-03-11T00:00:00Z,55
2010-03-13T00:00:00Z,54
2010-03-15T00:00:00Z,54
2010-03-16T00:00:00Z,56
2010-03-18T00:00:00Z,58
2010-03-20T00:00:00Z,60
2010-03-22T00:00:00Z,59
2010-03-23T00:00:00Z,60
2010-03-25T00:00:00Z,60
2010-03-26T00:00:00Z,58
2010-03-29T00:00:00Z,60
2010-04-01T00:00:00Z,58
2010-04-03T00:00:00Z,55
2010-04-05T00:00:00Z,54
2010-04-07T00:00:00Z,55
2010-04-08T00:00:00Z,57
2010-04-10T00:00:00Z,59
2010-04-12T00:00:00Z,57
2010-04-14T00:00:00Z,55
2010-04-15T00:00:00Z,56
2010-04-16T00:00:00Z,58
2010-04-17T00:00:00Z,59
2010-04-19T00:00:00Z,63
2010-04-21T00:00:00Z,61
2010-04-23T00:00:00Z,60
2010-04-26T00:00:00Z,65
2010-04-28T00:00:00Z,63
2010-04-30T00:00:00Z,58
2010-05-03T00:00:00Z,62
2010-05-06T00:00:00Z,64
2010-05-10T00:00:00Z,62
2010-05-13T00:00:00Z,65
2010-05-17T00:00:00Z,68
2010-05-20T00:00:00Z,64
2010-05-24T00:00:00Z,63
2010-05-28T00:00:00Z,61
2010-06-01T00:00:00Z,66
2010-06-03T00:00:00Z,66
2010-06-07T00:00:00Z,67
2010-06-10T00:00:00Z,66
2010-06-14T00:00:00Z,69
2010-06-17T00:00:00Z,70
2010-06-23T00:00:00Z,71
2010-06-28T00:00:00Z,74
2010-10-05T00:00:00Z,66
2010-10-07T00:00:00Z,63
2010-10-11T00:00:00Z,65
2010-10-14T00:00:00Z,65
2010-10-18T00:00:00Z,63
2010-10-21T00:00:00Z,61
2010-10-25T00:00:00Z,60
2010-10-27T00:00:00Z,58
2010-10-29T00:00:00Z,58
2010-11-01T00:00:00Z,57
2010-11-03T00:00:00Z,59
2010-11-05T00:00:00Z,61
2010-11-08T00:00:00Z,59
2010-11-09T00:00:00Z,59
2010-11-10T00:00:00Z,57
2010-11-12T00:00:00Z,55
2010-11-15T00:00:00Z,57
2010-11-16T00:00:00Z,59
2010-11-19T00:00:00Z,56
2010-11-22T00:00:00Z,53
2010-11-24T00:00:00Z,51
2010-11-26T00:00:00Z,49
2010-11-29T00:00:00Z,48
2010-12-01T00:00:00Z,49
2010-12-03T00:00:00Z,49
2010-12-06T00:00:00Z,54
2010-12-08T00:00:00Z,54
2010-12-09T00:00:00Z,54
2010-12-10T00:00:00Z,54
2010-12-13T00:00:00Z,55
2010-12-14T00:00:00Z,55
2010-12-15T00:00:00Z,54
2010-12-16T00:00:00Z,53
2010-12-17T00:00:00Z,52
2010-12-18T00:00:00Z,51
2010-12-19T00:00:00Z,53
2010-12-20T00:00:00Z,52
2010-12-21T00:00:00Z,51
2010-12-22T00:00:00Z,52
2010-12-23T00:00:00Z,51
2010-12-24T00:00:00Z,52
2010-12-27T00:00:00Z,52
2010-12-28T00:00:00Z,51
2010-12-29T00:00:00Z,51
2010-12-30T00:00:00Z,51
2010-12-31T00:00:00Z,49
2011-01-02T00:00:00Z,48
2011-01-03T00:00:00Z,48
2011-01-04T00:00:00Z,49
2011-01-05T00:00:00Z,49
2011-01-06T00:00:00Z,49
2011-01-07T00:00:00Z,48
2011-01-09T00:00:00Z,48
2011-01-10T00:00:00Z,48
2011-01-11T00:00:00Z,48
2011-01-13T00:00:00Z,48
2011-01-14T00:00:00Z,51
2011-01-15T00:00:00Z,50
2011-01-18T00:00:00Z,52
2011-01-19T00:00:00Z,52
2011-01-20T00:00:00Z,52
2011-01-21T00:00:00Z,51
2011-01-23T00:00:00Z,51
2011-01-24T00:00:00Z,51
2011-01-25T00:00:00Z,51
2011-01-27T00:00:00Z,51
2011-01-28T00:00:00Z,51
2011-01-30T00:00:00Z,51
2011-01-31T00:00:00Z,51
2011-02-02T00:00:00Z,51
2011-02-04T00:00:00Z,52
2011-02-05T00:00:00Z,51
2011-02-07T00:00:00Z,53
2011-02-09T00:00:00Z,53
2011-02-11T00:00:00Z,51
2011-02-12T00:00:00Z,52
2011-02-14T00:00:00Z,53
2011-02-16T00:00:00Z,53
2011-02-17T00:00:00Z,51
2011-02-18T00:00:00Z,49
2011-02-19T00:00:00Z,49
2011-02-20T00:00:00Z,48
2011-02-22T00:00:00Z,49
2011-02-23T00:00:00Z,50
2011-02-24T00:00:00Z,50
2011-02-25T00:00:00Z,50
2011-02-27T00:00:00Z,49
2011-02-28T00:00:00Z,48
2011-03-02T00:00:00Z,51
2011-03-04T00:00:00Z,53
2011-03-05T00:00:00Z,53
2011-03-07T00:00:00Z,54
2011-03-08T00:00:00Z,55
2011-03-09T00:00:00Z,54
2011-03-10T00:00:00Z,54
2011-03-11T00:00:00Z,57
2011-03-12T00:00:00Z,57
2011-03-15T00:00:00Z,56
2011-03-17T00:00:00Z,55
2011-03-18T00:00:00Z,52
2011-03-19T00:00:00Z,51
2011-03-20T00:00:00Z,50
2011-03-21T00:00:00Z,50
2011-03-22T00:00:00Z,50
2011-03-23T00:00:00Z,51
2011-03-24T00:00:00Z,51
2011-03-25T00:00:00Z,50
2011-03-26T00:00:00Z,50
2011-03-28T00:00:00Z,50
2011-03-29T00:00:00Z,51
2011-03-30T00:00:00Z,53
2011-04-01T00:00:00Z,55
2011-04-02T00:00:00Z,55
2011-04-04T00:00:00Z,54
2011-04-05T00:00:00Z,55
2011-04-06T00:00:00Z,55
2011-04-07T00:00:00Z,55
2011-04-08T00:00:00Z,55
2011-04-09T00:00:00Z,54
2011-04-11T00:00:00Z,54
2011-04-12T00:00:00Z,55
2011-04-13T00:00:00Z,56
2011-04-15T00:00:00Z,58
2011-04-16T00:00:00Z,59
2011-04-18T00:00:00Z,61
2011-04-19T00:00:00Z,62
2011-04-20T00:00:00Z,62
2011-04-21T00:00:00Z,60
2011-04-22T00:00:00Z,61
2011-04-23T00:00:00Z,61
2011-04-25T00:00:00Z,61
2011-04-26T00:00:00Z,61
2011-04-27T00:00:00Z,61
2011-04-28T00:00:00Z,62
2011-04-29T00:00:00Z,57
2011-04-30T00:00:00Z,61
2011-05-02T00:00:00Z,60
2011-05-04T00:00:00Z,64
2011-05-06T00:00:00Z,66
2011-05-09T00:00:00Z,65
2011-05-12T00:00:00Z,64
2011-05-14T00:00:00Z,65
2011-05-16T00:00:00Z,63
2011-05-18T00:00:00Z,59
2011-05-20T00:00:00Z,59
2011-05-21T00:00:00Z,62
2011-05-22T00:00:00Z,67
2011-05-25T00:00:00Z,67
2011-05-27T00:00:00Z,62
2011-05-29T00:00:00Z,62
2011-05-31T00:00:00Z,62
2011-06-02T00:00:00Z,61
2011-06-04T00:00:00Z,60
2011-06-06T00:00:00Z,59
2011-06-08T00:00:00Z,63
2011-06-10T00:00:00Z,64
2011-06-13T00:00:00Z,68
2011-06-15T00:00:00Z,70
2011-06-17T00:00:00Z,71
2011-06-20T00:00:00Z,70
2011-06-22T00:00:00Z,71
2011-06-24T00:00:00Z,72
2011-06-27T00:00:00Z,71
2011-10-06T00:00:00Z,59
2011-10-10T00:00:00Z,60
2011-10-13T00:00:00Z,63
2011-10-17T00:00:00Z,63
2011-10-21T00:00:00Z,64
2011-10-24T00:00:00Z,63
2011-10-27T00:00:00Z,50
2011-10-31T00:00:00Z,57
2011-11-03T00:00:00Z,56
2011-11-07T00:00:00Z,54
2011-11-10T00:00:00Z,54
2011-11-14T00:00:00Z,55
2011-11-16T00:00:00Z,55
2011-11-18T00:00:00Z,55
2011-11-21T00:00:00Z,53
2011-11-23T00:00:00Z,52
2011-11-25T00:00:00Z,63
2011-11-28T00:00:00Z,54
2011-11-30T00:00:00Z,53
2011-12-01T00:00:00Z,51
2011-12-02T00:00:00Z,52
2011-12-05T00:00:00Z,49
2011-12-07T00:00:00Z,48
2011-12-09T00:00:00Z,48
2011-12-12T00:00:00Z,48
2011-12-14T00:00:00Z,48
2011-12-16T00:00:00Z,48
2011-12-18T00:00:00Z,49
2011-12-19T00:00:00Z,48
2011-12-20T00:00:00Z,47
2011-12-21T00:00:00Z,48
2011-12-23T00:00:00Z,45
2011-12-26T00:00:00Z,44
2011-12-28T00:00:00Z,45
2011-12-30T00:00:00Z,47
2012-01-02T00:00:00Z,50
2012-01-04T00:00:00Z,49
2012-01-06T00:00:00Z,49
2012-01-09T00:00:00Z,50
2012-01-11T00:00:00Z,48
2012-01-13T00:00:00Z,48
2012-01-16T00:00:00Z,46
2012-01-18T00:00:00Z,46
2012-01-20T00:00:00Z,46
2012-01-21T00:00:00Z,46
2012-01-23T00:00:00Z,47
2012-01-24T00:00:00Z,47
2012-01-25T00:00:00Z,48
2012-01-26T00:00:00Z,48
2012-01-27T00:00:00Z,49
2012-01-28T00:00:00Z,49
2012-01-30T00:00:00Z,51
2012-01-31T00:00:00Z,50
2012-02-01T00:00:00Z,51
2012-02-02T00:00:00Z,51
2012-02-03T00:00:00Z,51
2012-02-04T00:00:00Z,51
2012-02-06T00:00:00Z,51
2012-02-07T00:00:00Z,51
2012-02-08T00:00:00Z,52
2012-02-09T00:00:00Z,52
2012-02-10T00:00:00Z,52
2012-02-11T00:00:00Z,54
2012-02-13T00:00:00Z,54
2012-02-14T00:00:00Z,54
2012-02-15T00:00:00Z,53
2012-02-16T00:00:00Z,52
2012-02-17T00:00:00Z,52
2012-02-18T00:00:00Z,53
2012-02-21T00:00:00Z,52
2012-02-22T00:00:00Z,53
2012-02-23T00:00:00Z,52
2012-02-24T00:00:00Z,54
2012-02-25T00:00:00Z,54
2012-02-27T00:00:00Z,54
2012-02-28T00:00:00Z,56
2012-02-29T00:00:00Z,51
2012-03-01T00:00:00Z,51
2012-03-02T00:00:00Z,51
2012-03-05T00:00:00Z,54
2012-03-07T00:00:00Z,54
2012-03-09T00:00:00Z,54
2012-03-10T00:00:00Z,54
2012-03-12T00:00:00Z,55
2012-03-14T00:00:00Z,55
2012-03-15T00:00:00Z,56
2012-03-16T00:00:00Z,55
2012-03-17T00:00:00Z,54
2012-03-18T00:00:00Z,54
2012-03-19T00:00:00Z,53
2012-03-20T00:00:00Z,53
2012-03-21T00:00:00Z,53
2012-03-22T00:00:00Z,55
2012-03-23T00:00:00Z,55
2012-03-24T00:00:00Z,55
2012-03-26T00:00:00Z,54
2012-03-27T00:00:00Z,54
2012-03-28T00:00:00Z,54
2012-03-29T00:00:00Z,54
2012-03-30T00:00:00Z,53
2012-03-31T00:00:00Z,54
2012-04-01T00:00:00Z,55
2012-04-02T00:00:00Z,55
2012-04-03T00:00:00Z,55
2012-04-04T00:00:00Z,55
2012-04-05T00:00:00Z,56
2012-04-06T00:00:00Z,57
2012-04-07T00:00:00Z,57
2012-04-09T00:00:00Z,57
2012-04-10T00:00:00Z,57
2012-04-11T00:00:00Z,57
2012-04-12T00:00:00Z,58
2012-04-13T00:00:00Z,57
2012-04-14T00:00:00Z,56
2012-04-15T00:00:00Z,57
2012-04-16T00:00:00Z,57
2012-04-17T00:00:00Z,59
2012-04-18T00:00:00Z,61
2012-04-19T00:00:00Z,64
2012-04-20T00:00:00Z,65
2012-04-22T00:00:00Z,68
2012-04-23T00:00:00Z,68
2012-04-24T00:00:00Z,69
2012-04-25T00:00:00Z,68
2012-04-27T00:00:00Z,65
2012-04-28T00:00:00Z,64
2012-04-30T00:00:00Z,69
2012-05-01T00:00:00Z,66
2012-05-02T00:00:00Z,65
2012-05-04T00:00:00Z,65
2012-05-05T00:00:00Z,64
2012-05-07T00:00:00Z,65
2012-05-08T00:00:00Z,66
2012-05-09T00:00:00Z,67
2012-05-10T00:00:00Z,67
2012-05-11T00:00:00Z,69
2012-05-14T00:00:00Z,69
2012-05-16T00:00:00Z,70
2012-05-18T00:00:00Z,69
2012-05-21T00:00:00Z,69
2012-05-23T00:00:00Z,69
2012-05-25T00:00:00Z,68
2012-05-29T00:00:00Z,67
2012-06-01T00:00:00Z,72
2012-06-05T00:00:00Z,70
2012-06-07T00:00:00Z,69
2012-06-11T00:00:00Z,67
2012-06-14T00:00:00Z,72
2012-06-18T00:00:00Z,73
2012-06-21T00:00:00Z,72
2012-06-25T00:00:00Z,69
2012-10-04T00:00:00Z,66
2012-10-09T00:00:00Z,65
2012-10-12T00:00:00Z,63
2012-10-16T00:00:00Z,65
2012-10-19T00:00:00Z,63
2012-10-22T00:00:00Z,61
2012-10-23T00:00:00Z,61
2012-10-25T00:00:00Z,59
2012-10-26T00:00:00Z,58
2012-10-30T00:00:00Z,60
2012-11-01T00:00:00Z,60
2012-11-02T00:00:00Z,60
2012-11-05T00:00:00Z,61
2012-11-07T00:00:00Z,60
2012-11-09T00:00:00Z,55
2012-11-12T00:00:00Z,54
2012-11-14T00:00:00Z,54
2012-11-16T00:00:00Z,54
2012-11-19T00:00:00Z,57
2012-11-20T00:00:00Z,57
2012-11-21T00:00:00Z,57
2012-11-23T00:00:00Z,56
2012-11-24T00:00:00Z,52
2012-11-25T00:00:00Z,55
2012-11-26T00:00:00Z,55
2012-11-27T00:00:00Z,54
2012-11-28T00:00:00Z,55
2012-11-29T00:00:00Z,55
2012-11-30T00:00:00Z,55
2012-12-01T00:00:00Z,56
2012-12-02T00:00:00Z,57
2012-12-03T00:00:00Z,57
2012-12-04T00:00:00Z,56
2012-12-05T00:00:00Z,55
2012-12-06T00:00:00Z,55
2012-12-07T00:00:00Z,54
2012-12-08T00:00:00Z,53
2012-12-09T00:00:00Z,54
2012-12-10T00:00:00Z,54
2012-12-11T00:00:00Z,52
2012-12-12T00:00:00Z,52
2012-12-13T00:00:00Z,52
2012-12-14T00:00:00Z,52
2012-12-15T00:00:00Z,50
2013-10-01T00:00:00Z,64
2013-10-02T00:00:00Z,62
2013-10-04T00:00:00Z,61
2013-10-05T00:00:00Z,62
2013-10-06T00:00:00Z,62
2013-10-07T00:00:00Z,61
2013-10-08T00:00:00Z,60
2013-10-10T00:00:00Z,60
2013-10-11T00:00:00Z,61
2013-10-12T00:00:00Z,61
2013-10-14T00:00:00Z,61
2013-10-15T00:00:00Z,61
2013-10-16T00:00:00Z,60
2013-10-17T00:00:00Z,61
2013-10-18T00:00:00Z,62
2013-10-21T00:00:00Z,62
2013-10-22T00:00:00Z,62
2013-10-23T00:00:00Z,62
2013-10-24T00:00:00Z,62
2013-10-25T00:00:00Z,61
2013-10-26T00:00:00Z,61
2013-10-27T00:00:00Z,60
2013-10-28T00:00:00Z,59
2013-10-29T00:00:00Z,59
2013-10-30T00:00:00Z,59
2013-10-31T00:00:00Z,59
2013-11-01T00:00:00Z,58
2013-11-02T00:00:00Z,58
2013-11-03T00:00:00Z,56
2013-11-04T00:00:00Z,54.5
2013-11-05T00:00:00Z,55
2013-11-06T00:00:00Z,55
2013-11-07T00:00:00Z,55.5
2013-11-08T00:00:00Z,57
2013-11-09T00:00:00Z,58
2013-11-10T00:00:00Z,57
2013-11-11T00:00:00Z,58
2013-11-12T00:00:00Z,57.5
2013-11-13T00:00:00Z,57
2013-11-14T00:00:00Z,56.5
2013-11-15T00:00:00Z,56
2013-11-16T00:00:00Z,55
2013-11-17T00:00:00Z,55.5
2013-11-18T00:00:00Z,55.5
2013-11-19T00:00:00Z,56.5
2013-11-20T00:00:00Z,55
2013-11-21T00:00:00Z,55
2013-11-22T00:00:00Z,52.5
2013-11-23T00:00:00Z,51
2013-11-24T00:00:00Z,51
2013-11-25T00:00:00Z,50.5
2013-11-26T00:00:00Z,50.5
2013-11-27T00:00:00Z,50
2013-11-29T00:00:00Z,52
2013-11-30T00:00:00Z,52
2013-12-01T00:00:00Z,53
2013-12-02T00:00:00Z,52.5
2013-12-03T00:00:00Z,50.5
2013-12-04T00:00:00Z,49.5
2013-12-05T00:00:00Z,47.5
2013-12-06T00:00:00Z,45.5
2013-12-07T00:00:00Z,44.5
2013-12-08T00:00:00Z,43
2013-12-09T00:00:00Z,42.5
2013-12-10T00:00:00Z,42
2013-12-11T00:00:00Z,42.5
2013-12-12T00:00:00Z,43.5
2013-12-13T00:00:00Z,44
2013-12-14T00:00:00Z,44.5
2013-12-15T00:00:00Z,45.5
2013-12-16T00:00:00Z,46.5
2013-12-17T00:00:00Z,47
2013-12-18T00:00:00Z,44.5
2013-12-19T00:00:00Z,46.5
2013-12-20T00:00:00Z,45.5
2013-12-21T00:00:00Z,45.5
2013-12-22T00:00:00Z,49.5
2013-12-23T00:00:00Z,46.5
2013-12-24T00:00:00Z,48
2013-12-26T00:00:00Z,48.5
2013-12-27T00:00:00Z,48.5
2013-12-28T00:00:00Z,47.5
2013-12-29T00:00:00Z,47
2013-12-30T00:00:00Z,47
2013-12-31T00:00:00Z,47.5
2014-01-01T00:00:00Z,47.5
2014-01-02T00:00:00Z,47.5
2014-01-03T00:00:00Z,48
2014-01-04T00:00:00Z,48
2014-01-05T00:00:00Z,48
2014-01-06T00:00:00Z,47
2014-01-07T00:00:00Z,47
2014-01-08T00:00:00Z,47.5
2014-01-09T00:00:00Z,48
2014-01-10T00:00:00Z,48
2014-01-11T00:00:00Z,48
2014-01-12T00:00:00Z,48.5
2014-01-13T00:00:00Z,49.5
2014-01-14T00:00:00Z,49
2014-01-15T00:00:00Z,49.5
2014-01-16T00:00:00Z,49.5
2014-01-17T00:00:00Z,49.5
2014-01-18T00:00:00Z,49
2014-01-19T00:00:00Z,49.5
2014-01-20T00:00:00Z,49.5
2014-01-21T00:00:00Z,49
2014-01-22T00:00:00Z,48
2014-01-23T00:00:00Z,49
2014-01-24T00:00:00Z,50
2014-01-25T00:00:00Z,50
2014-01-26T00:00:00Z,53
2014-01-27T00:00:00Z,51
2014-01-28T00:00:00Z,52
2014-01-29T00:00:00Z,53
2014-01-30T00:00:00Z,54
2014-01-31T00:00:00Z,53
2014-02-01T00:00:00Z,51.5
2014-02-02T00:00:00Z,50
2014-02-03T00:00:00Z,50
2014-02-04T00:00:00Z,49
2014-02-05T00:00:00Z,50
2014-02-06T00:00:00Z,49.5
2014-02-07T00:00:00Z,49.5
2014-02-08T00:00:00Z,50.5
2014-02-09T00:00:00Z,53
2014-02-10T00:00:00Z,54.5
2014-02-11T00:00:00Z,55
2014-02-12T00:00:00Z,55
2014-02-13T00:00:00Z,55
2014-02-14T00:00:00Z,51
2014-02-15T00:00:00Z,56.5
2014-02-16T00:00:00Z,56
2014-02-17T00:00:00Z,55.5
2014-02-18T00:00:00Z,53.5
2014-02-19T00:00:00Z,55.5
2014-02-20T00:00:00Z,55
2014-02-21T00:00:00Z,54.5
2014-02-22T00:00:00Z,55.5
2014-02-23T00:00:00Z,56.5
2014-02-24T00:00:00Z,57.5
2014-02-25T00:00:00Z,58
2014-02-26T00:00:00Z,57.5
2014-02-27T00:00:00Z,58
2014-02-28T00:00:00Z,58
2014-03-01T00:00:00Z,58
2014-03-02T00:00:00Z,55
2014-03-03T00:00:00Z,55
2014-03-04T00:00:00Z,56
2014-03-05T00:00:00Z,55
2014-03-06T00:00:00Z,55
2014-03-07T00:00:00Z,56
2014-03-08T00:00:00Z,59
2014-03-09T00:00:00Z,58
2014-03-10T00:00:00Z,59
2014-03-11T00:00:00Z,62
2014-03-12T00:00:00Z,57
2014-03-13T00:00:00Z,60
2014-03-14T00:00:00Z,56
2014-03-15T00:00:00Z,59
2014-03-16T00:00:00Z,61
2014-03-17T00:00:00Z,59.5
2014-03-18T00:00:00Z,60
2014-03-19T00:00:00Z,59
2014-03-20T00:00:00Z,59.5
2014-03-21T00:00:00Z,61
2014-03-22T00:00:00Z,60
2014-03-23T00:00:00Z,62
2014-03-24T00:00:00Z,61
2014-03-25T00:00:00Z,62
2014-03-26T00:00:00Z,61
2014-03-27T00:00:00Z,61
2014-03-28T00:00:00Z,58.5
2014-03-29T00:00:00Z,59
2014-03-30T00:00:00Z,57
2014-03-31T00:00:00Z,57
2014-04-01T00:00:00Z,59
2014-04-02T00:00:00Z,54
2014-04-03T00:00:00Z,53
2014-04-04T00:00:00Z,53
2014-04-05T00:00:00Z,55
2014-04-06T00:00:00Z,58
2014-04-07T00:00:00Z,60
2014-04-08T00:00:00Z,62.5
2014-04-09T00:00:00Z,66
2014-04-10T00:00:00Z,65
2014-04-11T00:00:00Z,66
2014-04-12T00:00:00Z,67
2014-04-13T00:00:00Z,67
2014-04-14T00:00:00Z,67
2014-04-15T00:00:00Z,68.5
2014-04-16T00:00:00Z,69.5
2014-04-17T00:00:00Z,69.5
2014-04-18T00:00:00Z,69
2014-04-19T00:00:00Z,68.5
2014-04-20T00:00:00Z,69
2014-04-21T00:00:00Z,67.5
2014-04-22T00:00:00Z,67
2014-04-23T00:00:00Z,66.5
2014-04-24T00:00:00Z,67
2014-04-25T00:00:00Z,64
2014-04-26T00:00:00Z,63.5
2014-04-27T00:00:00Z,64
2014-04-28T00:00:00Z,66.5
2014-04-29T00:00:00Z,65
2014-04-30T00:00:00Z,67
2014-05-01T00:00:00Z,68
2014-05-02T00:00:00Z,70
2014-05-03T00:00:00Z,70
2014-05-04T00:00:00Z,70
2014-05-05T00:00:00Z,69
2014-05-06T00:00:00Z,68
2014-05-07T00:00:00Z,68
2014-05-08T00:00:00Z,67
2014-05-09T00:00:00Z,67
2014-05-10T00:00:00Z,66
2014-05-11T00:00:00Z,66
2014-05-12T00:00:00Z,67
2014-05-13T00:00:00Z,69
2014-05-14T00:00:00Z,71
2014-05-15T00:00:00Z,71
2014-05-16T00:00:00Z,71
2014-05-17T00:00:00Z,72
2014-05-18T00:00:00Z,71
2014-05-19T00:00:00Z,71
2014-05-20T00:00:00Z,70
2014-05-21T00:00:00Z,71
2014-05-22T00:00:00Z,71
2014-05-23T00:00:00Z,72
2014-05-24T00:00:00Z,74
2014-05-25T00:00:00Z,74
2014-05-26T00:00:00Z,74
2014-05-27T00:00:00Z,74
2014-05-28T00:00:00Z,71
2014-05-29T00:00:00Z,70
2014-05-30T00:00:00Z,69
2014-05-31T00:00:00Z,70
2014-06-01T00:00:00Z,71
2014-06-02T00:00:00Z,71
2014-06-03T00:00:00Z,72
2014-06-04T00:00:00Z,72
2014-06-05T00:00:00Z,73
2014-10-06T00:00:00Z,69
2014-10-07T00:00:00Z,69
2014-10-08T00:00:00Z,69
2014-10-09T00:00:00Z,68
2014-10-10T00:00:00Z,69
2014-10-11T00:00:00Z,68
2014-10-12T00:00:00Z,68
2014-10-13T00:00:00Z,68
2014-10-14T00:00:00Z,65
2014-10-15T00:00:00Z,65
2014-10-16T00:00:00Z,64
2014-10-17T00:00:00Z,64
2014-10-18T00:00:00Z,64
2014-10-19T00:00:00Z,65
2014-10-20T00:00:00Z,64
2014-10-21T00:00:00Z,64
2014-10-22T00:00:00Z,62
2014-10-23T00:00:00Z,60
2014-10-24T00:00:00Z,61
2014-10-25T00:00:00Z,62
2014-10-26T00:00:00Z,59
2014-10-27T00:00:00Z,60
2014-10-28T00:00:00Z,60
2014-10-29T00:00:00Z,60
2014-10-30T00:00:00Z,59
2014-10-31T00:00:00Z,59
2014-11-01T00:00:00Z,58
2014-11-03T00:00:00Z,59
2014-11-04T00:00:00Z,58
2014-11-05T00:00:00Z,58
2014-11-06T00:00:00Z,58
2014-11-07T00:00:00Z,58
2014-11-08T00:00:00Z,58
2014-11-09T00:00:00Z,60
2014-11-10T00:00:00Z,60
2014-11-11T00:00:00Z,59
2014-11-12T00:00:00Z,60
2014-11-13T00:00:00Z,58
2014-11-14T00:00:00Z,58
2014-11-15T00:00:00Z,58
2014-11-16T00:00:00Z,57
2014-11-17T00:00:00Z,55
2014-11-18T00:00:00Z,54
2014-11-19T00:00:00Z,54
2014-11-20T00:00:00Z,53
2014-11-21T00:00:00Z,54
2014-11-22T00:00:00Z,51
2014-11-23T00:00:00Z,54
2014-11-24T00:00:00Z,54
2014-11-25T00:00:00Z,54
2014-11-26T00:00:00Z,52
2014-11-27T00:00:00Z,53
2014-11-28T00:00:00Z,54
2014-11-29T00:00:00Z,54
2014-11-30T00:00:00Z,54
2014-12-01T00:00:00Z,55
2014-12-02T00:00:00Z,56
2014-12-03T00:00:00Z,57
2014-12-04T00:00:00Z,56
2014-12-06T00:00:00Z,56
2014-12-07T00:00:00Z,57
2014-12-08T00:00:00Z,56
2014-12-09T00:00:00Z,56
2014-12-10T00:00:00Z,56
2014-12-12T00:00:00Z,55
2014-12-13T00:00:00Z,54
2014-12-14T00:00:00Z,54
2014-12-15T00:00:00Z,53
2014-12-16T00:00:00Z,52
2014-12-17T00:00:00Z,54
2014-12-18T00:00:00Z,51
2014-12-19T00:00:00Z,51
2014-12-20T00:00:00Z,53
2014-12-21T00:00:00Z,53
2014-12-22T00:00:00Z,54
2014-12-23T00:00:00Z,54
2014-12-24T00:00:00Z,54
2014-12-26T00:00:00Z,52
2014-12-27T00:00:00Z,51
2014-12-28T00:00:00Z,50
2014-12-29T00:00:00Z,47
2014-12-30T00:00:00Z,47
2015-01-02T00:00:00Z,43
2015-01-03T00:00:00Z,44
2015-01-04T00:00:00Z,44
2015-01-05T00:00:00Z,46
2015-01-06T00:00:00Z,47
2015-01-07T00:00:00Z,48
2015-01-08T00:00:00Z,49
2015-01-09T00:00:00Z,49
2015-01-10T00:00:00Z,50
2015-01-11T00:00:00Z,51
2015-01-12T00:00:00Z,51
2015-01-13T00:00:00Z,51
2015-01-14T00:00:00Z,50
2015-01-15T00:00:00Z,52
2015-01-16T00:00:00Z,51
2015-01-17T00:00:00Z,51
2015-01-18T00:00:00Z,52
2015-01-19T00:00:00Z,52
2015-01-20T00:00:00Z,53
2015-01-21T00:00:00Z,52
2015-01-22T00:00:00Z,51
2015-01-23T00:00:00Z,51
2015-01-24T00:00:00Z,50
2015-01-25T00:00:00Z,52
2015-01-26T00:00:00Z,52
2015-01-27T00:00:00Z,52
2015-01-28T00:00:00Z,52
2015-01-29T00:00:00Z,53
2015-01-30T00:00:00Z,54
2015-01-31T00:00:00Z,53
2015-02-01T00:00:00Z,53
2015-02-02T00:00:00Z,54
2015-02-03T00:00:00Z,54
2015-02-04T00:00:00Z,55
2015-02-05T00:00:00Z,54
2015-02-06T00:00:00Z,54
2015-02-07T00:00:00Z,55
2015-02-08T00:00:00Z,55
2015-02-09T00:00:00Z,55
2015-02-10T00:00:00Z,56
2015-02-11T00:00:00Z,56
2015-02-12T00:00:00Z,55
2015-02-13T00:00:00Z,54
2015-02-14T00:00:00Z,56
2015-02-15T00:00:00Z,56
2015-02-16T00:00:00Z,54
2015-02-17T00:00:00Z,56
2015-02-18T00:00:00Z,55
2015-02-19T00:00:00Z,57
2015-02-20T00:00:00Z,57
2015-02-21T00:00:00Z,57
2015-02-22T00:00:00Z,56
2015-02-23T00:00:00Z,54
2015-02-24T00:00:00Z,54
2015-02-25T00:00:00Z,54
2015-02-26T00:00:00Z,54
2015-02-27T00:00:00Z,55
2015-02-28T00:00:00Z,56
2015-03-01T00:00:00Z,56
2015-03-02T00:00:00Z,55
2015-03-03T00:00:00Z,55
2015-03-04T00:00:00Z,51
2015-03-05T00:00:00Z,55
2015-03-06T00:00:00Z,56
2015-03-07T00:00:00Z,58
2015-03-08T00:00:00Z,58
2015-03-09T00:00:00Z,59
2015-03-10T00:00:00Z,60
2015-03-11T00:00:00Z,59
2015-03-12T00:00:00Z,60
2015-03-13T00:00:00Z,61
2015-03-14T00:00:00Z,65
2015-03-15T00:00:00Z,62
2015-03-16T00:00:00Z,62
2015-03-17T00:00:00Z,62
2015-03-18T00:00:00Z,62
2015-03-19T00:00:00Z,62
2015-03-20T00:00:00Z,61
2015-03-21T00:00:00Z,61
2015-03-22T00:00:00Z,61
2015-03-23T00:00:00Z,61
2015-03-24T00:00:00Z,61
2015-03-25T00:00:00Z,63
2015-03-26T00:00:00Z,63
2015-03-27T00:00:00Z,65
2015-03-28T00:00:00Z,65
2015-03-29T00:00:00Z,67
2015-03-30T00:00:00Z,64
2015-03-31T00:00:00Z,65
2015-04-01T00:00:00Z,64
2015-04-02T00:00:00Z,63
2015-04-03T00:00:00Z,62
2015-04-04T00:00:00Z,61
2015-04-05T00:00:00Z,61
2015-04-06T00:00:00Z,59
2015-04-07T00:00:00Z,58
2015-04-08T00:00:00Z,60
2015-04-09T00:00:00Z,60
2015-04-10T00:00:00Z,60
2015-04-11T00:00:00Z,62
2015-04-12T00:00:00Z,62
2015-04-13T00:00:00Z,64
2015-04-14T00:00:00Z,62
2015-04-15T00:00:00Z,62
2015-04-16T00:00:00Z,62
2015-04-17T00:00:00Z,64
2015-04-18T00:00:00Z,67
2015-04-19T00:00:00Z,68
2015-04-20T00:00:00Z,68
2015-04-21T00:00:00Z,69
2015-04-22T00:00:00Z,69
2015-04-23T00:00:00Z,70
2015-04-24T00:00:00Z,69
2015-04-25T00:00:00Z,69
2015-04-26T00:00:00Z,69
2015-04-27T00:00:00Z,69
2015-04-28T00:00:00Z,70
2015-04-29T00:00:00Z,69
2015-04-30T00:00:00Z,70
2015-05-01T00:00:00Z,69
2015-05-02T00:00:00Z,70
2015-05-03T00:00:00Z,71
2015-05-04T00:00:00Z,69
2015-05-05T00:00:00Z,68
2015-05-06T00:00:00Z,68
2015-05-07T00:00:00Z,67
2015-05-08T00:00:00Z,66
2015-05-09T00:00:00Z,68
2015-05-10T00:00:00Z,68
2015-05-11T00:00:00Z,68
2015-05-12T00:00:00Z,68
2015-05-13T00:00:00Z,68
2015-05-14T00:00:00Z,67
2015-05-15T00:00:00Z,64
2015-05-16T00:00:00Z,67
2015-05-17T00:00:00Z,68
2015-05-18T00:00:00Z,68
2015-05-19T00:00:00Z,68
2015-05-20T00:00:00Z,68
2015-05-21T00:00:00Z,68
2015-05-22T00:00:00Z,69
2015-05-23T00:00:00Z,70
2015-05-24T00:00:00Z,70
2015-05-25T00:00:00Z,70
2015-05-26T00:00:00Z,70
2015-05-27T00:00:00Z,71
2015-05-28T00:00:00Z,71
2015-05-29T00:00:00Z,71
2015-05-30T00:00:00Z,72
2015-05-31T00:00:00Z,72
2015-06-01T00:00:00Z,72
2015-06-02T00:00:00Z,72
2015-06-03T00:00:00Z,71
2015-06-04T00:00:00Z,73
2015-09-16T00:00:00Z,64
2015-09-17T00:00:00Z,63
2015-09-18T00:00:00Z,64
2015-09-19T00:00:00Z,64
2015-09-20T00:00:00Z,67
2015-09-21T00:00:00Z,69
2015-09-22T00:00:00Z,68
2015-09-23T00:00:00Z,69
2015-09-24T00:00:00Z,69
2015-09-25T00:00:00Z,69
2015-09-26T00:00:00Z,68
2015-09-27T00:00:00Z,68
2015-09-28T00:00:00Z,68
2015-09-29T00:00:00Z,66
2015-09-30T00:00:00Z,66
2015-10-01T00:00:00Z,66
2015-10-02T00:00:00Z,62
2015-10-03T00:00:00Z,64
2015-10-04T00:00:00Z,65
2015-10-05T00:00:00Z,66
2015-10-06T00:00:00Z,66
2015-10-07T00:00:00Z,66
2015-10-08T00:00:00Z,67
2015-10-09T00:00:00Z,68
2015-10-10T00:00:00Z,67
2015-10-11T00:00:00Z,66
2015-10-12T00:00:00Z,66
2015-10-13T00:00:00Z,67
2015-10-14T00:00:00Z,67
2015-10-15T00:00:00Z,66
2015-10-16T00:00:00Z,66
2015-10-17T00:00:00Z,66
2015-10-18T00:00:00Z,64
2015-10-19T00:00:00Z,64
2015-10-20T00:00:00Z,63.5
2015-10-21T00:00:00Z,63
2015-10-22T00:00:00Z,62
2015-10-23T00:00:00Z,62
2015-10-24T00:00:00Z,63
2015-10-25T00:00:00Z,61
2015-10-26T00:00:00Z,61
2015-10-27T00:00:00Z,61
2015-10-28T00:00:00Z,62
2015-10-29T00:00:00Z,60
2015-10-30T00:00:00Z,61
2015-10-31T00:00:00Z,61
2015-11-01T00:00:00Z,61
2015-11-02T00:00:00Z,60
2015-11-03T00:00:00Z,58
2015-11-04T00:00:00Z,58
2015-11-05T00:00:00Z,56
2015-11-06T00:00:00Z,55
2015-11-07T00:00:00Z,54
2015-11-08T00:00:00Z,54
2015-11-09T00:00:00Z,54
2015-11-10T00:00:00Z,54
2015-11-11T00:00:00Z,53
2015-11-12T00:00:00Z,53
2015-11-13T00:00:00Z,54
2015-11-14T00:00:00Z,54
2015-11-15T00:00:00Z,53
2015-11-16T00:00:00Z,53
2015-11-17T00:00:00Z,52
2015-11-18T00:00:00Z,52
2015-11-19T00:00:00Z,53
2015-11-20T00:00:00Z,54
2015-11-21T00:00:00Z,55
2015-11-22T00:00:00Z,56
2015-11-23T00:00:00Z,55
2015-11-24T00:00:00Z,54
2015-11-25T00:00:00Z,53
2015-11-26T00:00:00Z,50
2015-11-27T00:00:00Z,48
2015-11-28T00:00:00Z,47
2015-11-29T00:00:00Z,46
2015-11-30T00:00:00Z,46
2015-12-01T00:00:00Z,47
2015-12-02T00:00:00Z,44
2015-12-03T00:00:00Z,48
2015-12-04T00:00:00Z,49
2015-12-05T00:00:00Z,50
2015-12-06T00:00:00Z,51
2015-12-07T00:00:00Z,53
2015-12-08T00:00:00Z,53
2015-12-09T00:00:00Z,54
2015-12-10T00:00:00Z,54
2015-12-11T00:00:00Z,53
2015-12-12T00:00:00Z,53
2015-12-13T00:00:00Z,50
2015-12-14T00:00:00Z,49
2015-12-15T00:00:00Z,48
2015-12-16T00:00:00Z,46
2015-12-17T00:00:00Z,47
2015-12-18T00:00:00Z,52
2015-12-19T00:00:00Z,47
2015-12-20T00:00:00Z,48
2015-12-21T00:00:00Z,49
2015-12-22T00:00:00Z,48
2015-12-23T00:00:00Z,48
2015-12-24T00:00:00Z,48
2015-12-26T00:00:00Z,46
2015-12-27T00:00:00Z,45
2015-12-28T00:00:00Z,44
2015-12-29T00:00:00Z,44
2015-12-30T00:00:00Z,45
2016-01-02T00:00:00Z,44
2016-01-03T00:00:00Z,45
2016-01-04T00:00:00Z,46
2016-01-05T00:00:00Z,46
2016-01-06T00:00:00Z,48
2016-01-08T00:00:00Z,47
2016-01-09T00:00:00Z,47.5
2016-01-10T00:00:00Z,48
2016-01-11T00:00:00Z,49
2016-01-12T00:00:00Z,48
2016-01-13T00:00:00Z,48
2016-01-14T00:00:00Z,49
2016-01-15T00:00:00Z,49
2016-01-16T00:00:00Z,49
2016-01-17T00:00:00Z,48
2016-01-18T00:00:00Z,49
2016-01-19T00:00:00Z,53
2016-01-21T00:00:00Z,53
2016-01-22T00:00:00Z,52.5
2016-01-23T00:00:00Z,51.5
2016-01-24T00:00:00Z,52
2016-01-25T00:00:00Z,51
2016-01-26T00:00:00Z,51
2016-01-27T00:00:00Z,50
2016-01-28T00:00:00Z,51
2016-01-29T00:00:00Z,51
2016-01-30T00:00:00Z,51
2016-01-31T00:00:00Z,49
2016-02-01T00:00:00Z,49
2016-02-02T00:00:00Z,47
2016-02-03T00:00:00Z,47
2016-02-04T00:00:00Z,48
2016-02-05T00:00:00Z,48
2016-02-06T00:00:00Z,49
2016-02-07T00:00:00Z,50
2016-02-08T00:00:00Z,52
2016-02-09T00:00:00Z,54
2016-02-10T00:00:00Z,54
2016-02-11T00:00:00Z,55
2016-02-12T00:00:00Z,55
2016-02-13T00:00:00Z,55
2016-02-14T00:00:00Z,56
2016-02-15T00:00:00Z,57
2016-02-16T00:00:00Z,58
2016-02-17T00:00:00Z,57
2016-02-18T00:00:00Z,55
2016-02-19T00:00:00Z,54
2016-02-20T00:00:00Z,52
2016-02-21T00:00:00Z,52
2016-02-22T00:00:00Z,56
2016-02-23T00:00:00Z,54
2016-02-24T00:00:00Z,58
2016-02-25T00:00:00Z,55
2016-02-26T00:00:00Z,56
2016-02-27T00:00:00Z,56
2016-02-28T00:00:00Z,57
2016-02-29T00:00:00Z,56
2016-03-01T00:00:00Z,58
2016-03-02T00:00:00Z,58
2016-03-03T00:00:00Z,58
2016-03-04T00:00:00Z,58
2016-03-05T00:00:00Z,57
2016-03-06T00:00:00Z,56
2016-03-08T00:00:00Z,51
2016-03-09T00:00:00Z,52
2016-03-10T00:00:00Z,52
2016-03-11T00:00:00Z,53
2016-03-12T00:00:00Z,52
2016-03-13T00:00:00Z,52
2016-03-14T00:00:00Z,52
2016-03-15T00:00:00Z,54
2016-03-16T00:00:00Z,53
2016-03-17T00:00:00Z,54
2016-03-18T00:00:00Z,56
2016-03-19T00:00:00Z,57
2016-03-20T00:00:00Z,56
2016-03-21T00:00:00Z,55
2016-03-22T00:00:00Z,54
2016-03-23T00:00:00Z,53
2016-03-24T00:00:00Z,54
2016-03-25T00:00:00Z,55
2016-03-26T00:00:00Z,55
2016-03-27T00:00:00Z,56
2016-03-28T00:00:00Z,55
2016-03-29T00:00:00Z,55
2016-03-30T00:00:00Z,57
2016-03-31T00:00:00Z,59
2016-04-01T00:00:00Z,59
2016-04-02T00:00:00Z,61
2016-04-03T00:00:00Z,62
2016-04-04T00:00:00Z,64
2016-04-05T00:00:00Z,64
2016-04-06T00:00:00Z,64
2016-04-08T00:00:00Z,64
2016-04-09T00:00:00Z,64
2016-04-10T00:00:00Z,65
2016-04-11T00:00:00Z,65
2016-04-12T00:00:00Z,62
2016-04-13T00:00:00Z,65
2016-04-14T00:00:00Z,65
2016-04-15T00:00:00Z,62
2016-04-16T00:00:00Z,64
2016-04-17T00:00:00Z,62
2016-04-18T00:00:00Z,67
2016-04-19T00:00:00Z,68
2016-04-20T00:00:00Z,69
2016-04-21T00:00:00Z,66
2016-04-22T00:00:00Z,68
2016-04-23T00:00:00Z,66
2016-04-24T00:00:00Z,66
2016-04-25T00:00:00Z,66
2016-04-26T00:00:00Z,64
2016-04-27T00:00:00Z,64
2016-04-28T00:00:00Z,66
2016-04-29T00:00:00Z,66
2016-04-30T00:00:00Z,68
2016-05-01T00:00:00Z,68
2016-05-02T00:00:00Z,70
2016-05-03T00:00:00Z,71
2016-05-04T00:00:00Z,72
2016-05-05T00:00:00Z,70
2016-05-06T00:00:00Z,68
2016-05-07T00:00:00Z,68
2016-05-08T00:00:00Z,68
2016-05-09T00:00:00Z,69
2016-05-10T00:00:00Z,71
2016-05-11T00:00:00Z,72
2016-05-12T00:00:00Z,72
2016-05-13T00:00:00Z,72
2016-05-14T00:00:00Z,72
2016-05-15T00:00:00Z,74
2016-05-16T00:00:00Z,73
2016-05-17T00:00:00Z,74
2016-05-18T00:00:00Z,74
2016-05-19T00:00:00Z,74
2016-05-20T00:00:00Z,73
2016-05-21T00:00:00Z,70
2016-05-22T00:00:00Z,70
2016-05-23T00:00:00Z,69
2016-05-24T00:00:00Z,70
2016-05-25T00:00:00Z,71
2016-05-26T00:00:00Z,72
2016-05-27T00:00:00Z,73
2016-05-28T00:00:00Z,74
2016-05-29T00:00:00Z,75
2016-05-30T00:00:00Z,76
2016-05-31T00:00:00Z,78
2016-06-13T00:00:00Z,73
2016-06-14T00:00:00Z,72
2016-06-15T00:00:00Z,71
2016-06-16T00:00:00Z,71
2016-06-17T00:00:00Z,70
2016-06-18T00:00:00Z,71
2016-06-19T00:00:00Z,72
2016-08-29T00:00:00Z,69
2016-08-30T00:00:00Z,70
2016-08-31T00:00:00Z,70
2016-09-01T00:00:00Z,69
2016-09-02T00:00:00Z,69
2016-09-03T00:00:00Z,68
2016-09-04T00:00:00Z,68
2016-09-05T00:00:00Z,68
2016-09-06T00:00:00Z,68
2016-09-07T00:00:00Z,68
2016-09-08T00:00:00Z,68
2016-09-09T00:00:00Z,68
2016-09-10T00:00:00Z,68
2016-09-11T00:00:00Z,68
2016-09-12T00:00:00Z,68
2016-09-13T00:00:00Z,67
2016-09-14T00:00:00Z,68
2016-09-15T00:00:00Z,67
2016-09-16T00:00:00Z,68
2016-09-17T00:00:00Z,68
2016-09-18T00:00:00Z,68
2016-09-19T00:00:00Z,68
2016-09-20T00:00:00Z,67
2016-09-21T00:00:00Z,67
2016-09-22T00:00:00Z,66
2016-09-23T00:00:00Z,67
2016-09-24T00:00:00Z,66
2016-09-25T00:00:00Z,66
2016-09-26T00:00:00Z,67
2016-09-27T00:00:00Z,68
2016-09-28T00:00:00Z,68
2016-09-29T00:00:00Z,66
2016-09-30T00:00:00Z,65
2016-10-01T00:00:00Z,65
2016-10-02T00:00:00Z,64
2016-10-04T00:00:00Z,62
2016-10-05T00:00:00Z,61
2016-10-06T00:00:00Z,61
2016-10-07T00:00:00Z,63
2016-10-08T00:00:00Z,62
2016-10-09T00:00:00Z,61
2016-10-10T00:00:00Z,64
2016-10-11T00:00:00Z,63
2016-10-12T00:00:00Z,64
2016-10-13T00:00:00Z,63
2016-10-14T00:00:00Z,63
2016-10-15T00:00:00Z,63
2016-10-16T00:00:00Z,62
2016-10-17T00:00:00Z,62
2016-10-18T00:00:00Z,61
2016-10-19T00:00:00Z,61
2016-10-20T00:00:00Z,65
2016-10-21T00:00:00Z,62
2016-10-22T00:00:00Z,62
2016-10-23T00:00:00Z,62
2016-10-24T00:00:00Z,62
2016-10-25T00:00:00Z,62
2016-10-26T00:00:00Z,62
2016-10-27T00:00:00Z,62
2016-10-28T00:00:00Z,63
2016-10-29T00:00:00Z,62
2016-10-30T00:00:00Z,62
2016-10-31T00:00:00Z,61
2016-11-01T00:00:00Z,60
2016-11-02T00:00:00Z,59
2016-11-03T00:00:00Z,60
2016-11-04T00:00:00Z,60
2016-11-05T00:00:00Z,61
2016-11-06T00:00:00Z,60
2016-11-07T00:00:00Z,61
2016-11-08T00:00:00Z,60
2016-11-09T00:00:00Z,61
2016-11-10T00:00:00Z,62
2016-11-11T00:00:00Z,61
2016-11-12T00:00:00Z,62
2016-11-13T00:00:00Z,61
2016-11-14T00:00:00Z,61
2016-11-15T00:00:00Z,60
2016-11-16T00:00:00Z,58
2016-11-17T00:00:00Z,57
2016-11-18T00:00:00Z,58
2016-11-19T00:00:00Z,58
2016-11-20T00:00:00Z,56
2016-11-21T00:00:00Z,56
2016-11-22T00:00:00Z,58
2016-11-23T00:00:00Z,55.5
2016-11-24T00:00:00Z,56
2016-11-25T00:00:00Z,54
2016-11-26T00:00:00Z,54
2016-11-27T00:00:00Z,54
2016-11-28T00:00:00Z,53
2016-11-29T00:00:00Z,53
2016-11-30T00:00:00Z,52
2016-12-01T00:00:00Z,52
2016-12-02T00:00:00Z,52
2016-12-03T00:00:00Z,51
2016-12-04T00:00:00Z,52
2016-12-05T00:00:00Z,51
2016-12-06T00:00:00Z,50
2016-12-07T00:00:00Z,50
2016-12-08T00:00:00Z,50
2016-12-09T00:00:00Z,51
2016-12-10T00:00:00Z,51
2016-12-12T00:00:00Z,52
2016-12-13T00:00:00Z,50
2016-12-14T00:00:00Z,52
2016-12-15T00:00:00Z,50
2016-12-16T00:00:00Z,50
2016-12-17T00:00:00Z,52
2016-12-18T00:00:00Z,48
2016-12-19T00:00:00Z,45
2016-12-20T00:00:00Z,44
2016-12-21T00:00:00Z,45
2016-12-22T00:00:00Z,48
2016-12-23T00:00:00Z,45
2016-12-26T00:00:00Z,45
2016-12-27T00:00:00Z,45
2016-12-28T00:00:00Z,44
2016-12-29T00:00:00Z,45
2016-12-30T00:00:00Z,47
2017-01-02T00:00:00Z,47
2017-01-03T00:00:00Z,46
2017-01-04T00:00:00Z,47
2017-01-05T00:00:00Z,46
2017-01-06T00:00:00Z,44
2017-01-07T00:00:00Z,45
2017-01-08T00:00:00Z,44
2017-01-09T00:00:00Z,44
2017-01-10T00:00:00Z,47
2017-01-11T00:00:00Z,48
2017-01-12T00:00:00Z,47
2017-01-13T00:00:00Z,44
2017-01-14T00:00:00Z,47
2017-01-15T00:00:00Z,48
2017-01-16T00:00:00Z,47
2017-01-17T00:00:00Z,52
2017-01-18T00:00:00Z,47
2017-01-19T00:00:00Z,47
2017-01-20T00:00:00Z,44
2017-01-21T00:00:00Z,49
2017-01-22T00:00:00Z,48
2017-01-23T00:00:00Z,48
2017-01-24T00:00:00Z,47
2017-01-25T00:00:00Z,47
2017-01-26T00:00:00Z,47
2017-01-27T00:00:00Z,48
2017-01-28T00:00:00Z,47
2017-01-29T00:00:00Z,48
2017-01-30T00:00:00Z,48
2017-01-31T00:00:00Z,48
2017-02-01T00:00:00Z,48
2017-02-02T00:00:00Z,49
2017-02-03T00:00:00Z,48
2017-02-04T00:00:00Z,45
2017-02-05T00:00:00Z,50
2017-02-06T00:00:00Z,50
2017-02-07T00:00:00Z,52
2017-02-08T00:00:00Z,53
2017-02-09T00:00:00Z,52
2017-02-10T00:00:00Z,52
2017-02-11T00:00:00Z,52
2017-02-12T00:00:00Z,51
2017-02-13T00:00:00Z,50
2017-02-14T00:00:00Z,50
2017-02-15T00:00:00Z,50
2017-02-16T00:00:00Z,50
2017-02-17T00:00:00Z,50
2017-02-18T00:00:00Z,50
2017-02-19T00:00:00Z,50
2017-02-20T00:00:00Z,50
2017-02-21T00:00:00Z,50
2017-02-22T00:00:00Z,51
2017-02-23T00:00:00Z,49
2017-02-24T00:00:00Z,48
2017-02-25T00:00:00Z,48
2017-02-26T00:00:00Z,48
2017-02-27T00:00:00Z,49
2017-02-28T00:00:00Z,51
2017-03-01T00:00:00Z,49
2017-03-02T00:00:00Z,49
2017-03-03T00:00:00Z,49
2017-03-04T00:00:00Z,50
2017-03-05T00:00:00Z,48
2017-03-06T00:00:00Z,49
2017-03-07T00:00:00Z,48
2017-03-08T00:00:00Z,50
2017-03-09T00:00:00Z,51
2017-03-10T00:00:00Z,52
2017-03-11T00:00:00Z,52
2017-03-12T00:00:00Z,52
2017-03-13T00:00:00Z,54
2017-03-14T00:00:00Z,54
2017-03-15T00:00:00Z,55
2017-03-16T00:00:00Z,55
2017-03-17T00:00:00Z,56
2017-03-18T00:00:00Z,56
2017-03-19T00:00:00Z,56
2017-03-20T00:00:00Z,56
2017-03-21T00:00:00Z,54
2017-03-22T00:00:00Z,56
2017-03-23T00:00:00Z,54
2017-03-24T00:00:00Z,58
2017-03-25T00:00:00Z,52
2017-03-26T00:00:00Z,54
2017-03-27T00:00:00Z,54
2017-03-28T00:00:00Z,54
2017-03-29T00:00:00Z,54
2017-03-30T00:00:00Z,55
2017-03-31T00:00:00Z,56
2017-04-01T00:00:00Z,56
2017-04-02T00:00:00Z,56
2017-04-03T00:00:00Z,58
2017-04-04T00:00:00Z,58
2017-04-05T00:00:00Z,58
2017-04-06T00:00:00Z,57
2017-04-07T00:00:00Z,55
2017-04-08T00:00:00Z,54
2017-04-09T00:00:00Z,54
2017-04-10T00:00:00Z,57
2017-04-11T00:00:00Z,55
2017-04-12T00:00:00Z,56
2017-04-13T00:00:00Z,56
2017-04-14T00:00:00Z,54
2017-04-15T00:00:00Z,53
2017-04-16T00:00:00Z,53
2017-04-17T00:00:00Z,53
2017-04-18T00:00:00Z,54
2017-04-19T00:00:00Z,54
2017-04-20T00:00:00Z,55
2017-04-21T00:00:00Z,56
2017-04-22T00:00:00Z,56
2017-04-23T00:00:00Z,56
2017-04-24T00:00:00Z,57
2017-04-25T00:00:00Z,58
2017-04-26T00:00:00Z,58
2017-04-27T00:00:00Z,56
2017-04-28T00:00:00Z,56
2017-04-29T00:00:00Z,56
2017-04-30T00:00:00Z,59
2017-05-01T00:00:00Z,60
2017-05-02T00:00:00Z,63
2017-05-03T00:00:00Z,64
2017-05-04T00:00:00Z,66
2017-05-05T00:00:00Z,67
2017-05-06T00:00:00Z,64
2017-05-07T00:00:00Z,63
2017-05-08T00:00:00Z,66
2017-05-09T00:00:00Z,65
2017-05-10T00:00:00Z,61
2017-05-11T00:00:00Z,63
2017-05-12T00:00:00Z,60
2017-05-13T00:00:00Z,64
2017-05-14T00:00:00Z,62
2017-05-15T00:00:00Z,61
2017-05-16T00:00:00Z,60
2017-05-17T00:00:00Z,61
2017-05-18T00:00:00Z,61
2017-05-19T00:00:00Z,63
2017-05-20T00:00:00Z,63
2017-05-21T00:00:00Z,66
2017-05-22T00:00:00Z,68
2017-05-23T00:00:00Z,67
2017-05-24T00:00:00Z,67
2017-05-25T00:00:00Z,66
2017-05-26T00:00:00Z,67
2017-05-27T00:00:00Z,64
2017-05-28T00:00:00Z,66
2017-05-29T00:00:00Z,67
2017-05-30T00:00:00Z,67
2017-05-31T00:00:00Z,68
2017-06-01T00:00:00Z,68
2017-06-02T00:00:00Z,68
2017-06-03T00:00:00Z,68
2017-06-04T00:00:00Z,67
2017-06-05T00:00:00Z,67
2017-06-06T00:00:00Z,68
2017-06-07T00:00:00Z,66
2017-06-08T00:00:00Z,65
2017-06-09T00:00:00Z,65
2017-06-10T00:00:00Z,64
2017-06-11T00:00:00Z,63
2017-06-12T00:00:00Z,64
2017-06-13T00:00:00Z,65
2017-06-14T00:00:00Z,67
2017-06-15T00:00:00Z,68
2017-06-16T00:00:00Z,69
2017-06-17T00:00:00Z,70
2017-06-18T00:00:00Z,73
2017-08-24T00:00:00Z,69
2017-08-25T00:00:00Z,70
2017-08-26T00:00:00Z,71
2017-08-27T00:00:00Z,70
2017-08-28T00:00:00Z,70
2017-08-29T00:00:00Z,70
2017-08-30T00:00:00Z,69
2017-08-31T00:00:00Z,70
2017-09-01T00:00:00Z,71
2017-09-05T00:00:00Z,71
2017-09-06T00:00:00Z,70
2017-09-08T00:00:00Z,70
2017-09-09T00:00:00Z,69
2017-09-10T00:00:00Z,70
2017-09-11T00:00:00Z,70
2017-09-12T00:00:00Z,69
2017-09-13T00:00:00Z,68
2017-09-14T00:00:00Z,66
2017-09-15T00:00:00Z,65
2017-09-16T00:00:00Z,66
2017-09-17T00:00:00Z,65
2017-09-18T00:00:00Z,64
2017-09-19T00:00:00Z,63
2017-09-20T00:00:00Z,63
2017-09-21T00:00:00Z,61
2017-09-22T00:00:00Z,62
2017-09-23T00:00:00Z,62
2017-09-24T00:00:00Z,60
2017-09-25T00:00:00Z,64
2017-09-26T00:00:00Z,61
2017-09-27T00:00:00Z,62
2017-09-28T00:00:00Z,62
2017-09-29T00:00:00Z,62
2017-09-30T00:00:00Z,61
2017-10-01T00:00:00Z,60
2017-10-02T00:00:00Z,59
2017-10-03T00:00:00Z,58
2017-10-04T00:00:00Z,58
2017-10-05T00:00:00Z,60
2017-10-06T00:00:00Z,59
2017-10-07T00:00:00Z,60
2017-10-08T00:00:00Z,58
2017-10-09T00:00:00Z,58
2017-10-10T00:00:00Z,58
2017-10-11T00:00:00Z,56
2017-10-12T00:00:00Z,56
2017-10-13T00:00:00Z,57
2017-10-14T00:00:00Z,56
2017-10-15T00:00:00Z,57
2017-10-16T00:00:00Z,57
2017-10-17T00:00:00Z,58
2017-10-18T00:00:00Z,57
2017-10-19T00:00:00Z,58
2017-10-20T00:00:00Z,57
2017-10-21T00:00:00Z,58
2017-10-22T00:00:00Z,59
2017-10-23T00:00:00Z,58
2017-10-24T00:00:00Z,59
2017-10-25T00:00:00Z,59
2017-10-26T00:00:00Z,60
2017-10-27T00:00:00Z,62
2017-10-28T00:00:00Z,59
2017-10-29T00:00:00Z,59
2017-10-30T00:00:00Z,58
2017-10-31T00:00:00Z,57
2017-11-01T00:00:00Z,57
2017-11-02T00:00:00Z,57
2017-11-03T00:00:00Z,56
2017-11-04T00:00:00Z,56
2017-11-05T00:00:00Z,55
2017-11-06T00:00:00Z,54
2017-11-07T00:00:00Z,54
2017-11-08T00:00:00Z,54
2017-11-09T00:00:00Z,54
2017-11-10T00:00:00Z,56
2017-11-11T00:00:00Z,56
2017-11-12T00:00:00Z,56
2017-11-13T00:00:00Z,55
2017-11-14T00:00:00Z,54
2017-11-15T00:00:00Z,54
2017-11-16T00:00:00Z,55
2017-11-17T00:00:00Z,54
2017-11-18T00:00:00Z,54
2017-11-19T00:00:00Z,52
2017-11-20T00:00:00Z,52
2017-11-21T00:00:00Z,52.5
2017-11-22T00:00:00Z,53
2017-11-23T00:00:00Z,54
2017-11-24T00:00:00Z,54
2017-11-25T00:00:00Z,56
2017-11-26T00:00:00Z,56
2017-11-27T00:00:00Z,56
2017-11-28T00:00:00Z,56
2017-11-29T00:00:00Z,54
2017-11-30T00:00:00Z,52
2017-12-01T00:00:00Z,51
2017-12-02T00:00:00Z,51
2017-12-03T00:00:00Z,50
2017-12-04T00:00:00Z,48
2017-12-05T00:00:00Z,48
2017-12-06T00:00:00Z,48
2017-12-07T00:00:00Z,48
2017-12-08T00:00:00Z,47
2017-12-09T00:00:00Z,47
2017-12-10T00:00:00Z,48
2017-12-11T00:00:00Z,48
2017-12-12T00:00:00Z,47
2017-12-13T00:00:00Z,47
2017-12-14T00:00:00Z,48
2017-12-15T00:00:00Z,47
2017-12-16T00:00:00Z,47
2017-12-17T00:00:00Z,46
2017-12-18T00:00:00Z,44
2017-12-19T00:00:00Z,48
2017-12-20T00:00:00Z,46
2017-12-21T00:00:00Z,46
2017-12-22T00:00:00Z,46
2017-12-23T00:00:00Z,46
2017-12-26T00:00:00Z,46
2017-12-27T00:00:00Z,46
2017-12-28T00:00:00Z,48
2017-12-29T00:00:00Z,49
2017-12-30T00:00:00Z,47
2017-12-31T00:00:00Z,48
2018-01-01T00:00:00Z,45
2018-01-02T00:00:00Z,48
2018-01-03T00:00:00Z,49
2018-01-04T00:00:00Z,49
2018-01-05T00:00:00Z,52
2018-01-06T00:00:00Z,52
2018-01-07T00:00:00Z,52
2018-01-08T00:00:00Z,52
2018-01-09T00:00:00Z,52
2018-01-10T00:00:00Z,54
2018-01-11T00:00:00Z,54
2018-01-12T00:00:00Z,53
2018-01-13T00:00:00Z,52
2018-01-14T00:00:00Z,51
2018-01-15T00:00:00Z,53
2018-01-16T00:00:00Z,52
2018-01-17T00:00:00Z,52
2018-01-18T00:00:00Z,52
2018-01-19T00:00:00Z,52
2018-01-20T00:00:00Z,51
2018-01-21T00:00:00Z,50
2018-01-22T00:00:00Z,50
2018-01-23T00:00:00Z,48
2018-01-24T00:00:00Z,48
2018-01-25T00:00:00Z,48
2018-01-26T00:00:00Z,48
2018-01-27T00:00:00Z,48
2018-01-28T00:00:00Z,48
2018-01-29T00:00:00Z,48
2018-01-30T00:00:00Z,50
2018-01-31T00:00:00Z,52
2018-02-01T00:00:00Z,54
2018-02-02T00:00:00Z,55
2018-02-03T00:00:00Z,55
2018-02-04T00:00:00Z,56
2018-02-06T00:00:00Z,58
2018-02-07T00:00:00Z,54
2018-02-08T00:00:00Z,54
2018-02-09T00:00:00Z,54
2018-02-10T00:00:00Z,52
2018-02-11T00:00:00Z,52
